INSERT INTO lugar (lug_codigo, lug_nombre, lug_tipo) VALUES
(1, 'Amazonas', 'Estado'),
(2, 'Anzoátegui', 'Estado'),
(3, 'Apure', 'Estado'),
(4, 'Aragua', 'Estado'),
(5, 'Barinas', 'Estado'),
(6, 'Bolívar', 'Estado'),
(7, 'Carabobo', 'Estado'),
(8, 'Cojedes', 'Estado'),
(9, 'Delta Amacuro', 'Estado'),
(10, 'Falcón', 'Estado'),
(11, 'Guárico', 'Estado'),
(12, 'Lara', 'Estado'),
(13, 'Mérida', 'Estado'),
(14, 'Miranda', 'Estado'),
(15, 'Monagas', 'Estado'),
(16, 'Nueva Esparta', 'Estado'),
(17, 'Portuguesa', 'Estado'),
(18, 'Sucre', 'Estado'),
(19, 'Táchira', 'Estado'),
(20, 'Trujillo', 'Estado'),
(21, 'La Guaira', 'Estado'),
(22, 'Yaracuy', 'Estado'),
(23, 'Zulia', 'Estado'),
(24, 'Distrito Capital', 'Estado'),
(25, 'Dependen Federales', 'Estado');

INSERT INTO lugar (lug_codigo , fk_lugar, lug_tipo , lug_nombre) VALUES
(1601,1,  'Municipio','Alto Orinoco'),
(1602,1,  'Municipio','Atabapo'),
(1603,1,  'Municipio','Atures'),
(1604,1,  'Municipio','Autana'),
(1605,1,  'Municipio','Manapiare'),
(1606,1,  'Municipio','Maroa'),
(1607,1,  'Municipio','Río Negro'),
(1608,2,  'Municipio','Anaco'),
(1609,2,  'Municipio','Aragua'),
(1610,2, 'Municipio', 'Manuel Ezequiel Bruzual'),
(1611,2, 'Municipio', 'Diego Bautista Urbaneja'),
(1612,2, 'Municipio', 'Fernando Peñalver'),
(1613,2, 'Municipio', 'Francisco Del Carmen Carvajal'),
(1614,2, 'Municipio', 'General Sir Arthur McGregor'),
(1615,2, 'Municipio', 'Guanta'),
(1616,2, 'Municipio', 'Independencia'),
(1617,2, 'Municipio', 'José Gregorio Monagas'),
(1618,2, 'Municipio', 'Juan Antonio Sotillo'),
(1619,2, 'Municipio', 'Juan Manuel Cajigal'),
(1620,2, 'Municipio', 'Libertad'),
(1621,2, 'Municipio', 'Francisco de Miranda'),
(1622,2, 'Municipio', 'Pedro María Freites'),
(1623,2, 'Municipio', 'Píritu'),
(1624,2, 'Municipio', 'San José de Guanipa'),
(1625,2, 'Municipio', 'San Juan de Capistrano'),
(26,2, 'Municipio', 'Santa Ana'),
(27,2, 'Municipio', 'Simón Bolívar'),
(28,2, 'Municipio', 'Simón Rodríguez'),
(29,3, 'Municipio', 'Achaguas'),
(30,3, 'Municipio', 'Biruaca'),
(31,3, 'Municipio', 'Muñóz'),
(32,3, 'Municipio', 'Páez'),
(33,3, 'Municipio', 'Pedro Camejo'),
(34,3, 'Municipio', 'Rómulo Gallegos'),
(35,3, 'Municipio', 'San Fernando'),
(36,4, 'Municipio', 'Atanasio Girardot'),
(37,4, 'Municipio', 'Bolívar'),
(38,4, 'Municipio', 'Camatagua'),
(39,4, 'Municipio', 'Francisco Linares Alcántara'),
(40,4, 'Municipio', 'José Ángel Lamas'),
(41,4, 'Municipio', 'José Félix Ribas'),
(42,4, 'Municipio', 'José Rafael Revenga'),
(43,4, 'Municipio', 'Libertador'),
(44,4, 'Municipio', 'Mario Briceño Iragorry'),
(45,4, 'Municipio', 'Ocumare de la Costa de Oro'),
(46,4, 'Municipio', 'San Casimiro'),
(47,4, 'Municipio', 'San Sebastián'),
(48,4, 'Municipio', 'Santiago Mariño'),
(49,4, 'Municipio', 'Santos Michelena'),
(50,4, 'Municipio', 'Sucre'),
(51,4, 'Municipio', 'Tovar'),
(52,4, 'Municipio', 'Urdaneta'),
(53,4, 'Municipio', 'Zamora'),
(54,5, 'Municipio', 'Alberto Arvelo Torrealba'),
(55,5, 'Municipio', 'Andrés Eloy Blanco'),
(56,5, 'Municipio', 'Antonio José de Sucre'),
(57,5, 'Municipio', 'Arismendi'),
(58,5, 'Municipio', 'Barinas'),
(59,5, 'Municipio', 'Bolívar'),
(60,5, 'Municipio', 'Cruz Paredes'),
(61,5, 'Municipio', 'Ezequiel Zamora'),
(62,5, 'Municipio', 'Obispos'),
(63,5, 'Municipio', 'Pedraza'),
(64,5, 'Municipio', 'Rojas'),
(65,5, 'Municipio', 'Sosa'),
(66,6, 'Municipio', 'Caroní'),
(67,6, 'Municipio', 'Cedeño'),
(68,6, 'Municipio', 'El Callao'),
(69,6, 'Municipio', 'Gran Sabana'),
(70,6, 'Municipio', 'Heres'),
(71,6, 'Municipio', 'Piar'),
(72,6, 'Municipio', 'Angostura (Raúl Leoni)'),
(73,6, 'Municipio', 'Roscio'),
(74,6, 'Municipio', 'Sifontes'),
(75,6, 'Municipio', 'Sucre'),
(76,6, 'Municipio', 'Padre Pedro Chien'),
(77,7, 'Municipio', 'Bejuma'),
(78,7, 'Municipio', 'Carlos Arvelo'),
(79,7, 'Municipio', 'Diego Ibarra'),
(80,7, 'Municipio', 'Guacara'),
(81,7, 'Municipio', 'Juan José Mora'),
(82,7, 'Municipio', 'Libertador'),
(83,7, 'Municipio', 'Los Guayos'),
(84,7, 'Municipio', 'Miranda'),
(85,7, 'Municipio', 'Montalbán'),
(86,7, 'Municipio', 'Naguanagua'),
(87,7, 'Municipio', 'Puerto Cabello'),
(88,7, 'Municipio', 'San Diego'),
(89,7, 'Municipio', 'San Joaquín'),
(90,7, 'Municipio', 'Valencia'),
(91,8, 'Municipio', 'Anzoátegui'),
(92,8, 'Municipio', 'Tinaquillo'),
(93,8, 'Municipio', 'Girardot'),
(94,8, 'Municipio', 'Lima Blanco'),
(95,8, 'Municipio', 'Pao de San Juan Bautista'),
(96,8, 'Municipio', 'Ricaurte'),
(97,8, 'Municipio', 'Rómulo Gallegos'),
(98,8, 'Municipio', 'San Carlos'),
(99,8, 'Municipio', 'Tinaco'),
(100,9, 'Municipio', 'Antonio Díaz'),
(101,9, 'Municipio', 'Casacoima'),
(102,9, 'Municipio', 'Pedernales'),
(103,9, 'Municipio', 'Tucupita'),
(104,10, 'Municipio', 'Acosta'),
(105,10, 'Municipio', 'Bolívar'),
(106,10, 'Municipio', 'Buchivacoa'),
(107,10, 'Municipio', 'Cacique Manaure'),
(108,10, 'Municipio', 'Carirubana'),
(109,10, 'Municipio', 'Colina'),
(110,10, 'Municipio', 'Dabajuro'),
(111,10, 'Municipio', 'Democracia'),
(112,10, 'Municipio', 'Falcón'),
(113,10, 'Municipio', 'Federación'),
(114,10, 'Municipio', 'Jacura'),
(115,10, 'Municipio', 'José Laurencio Silva'),
(116,10, 'Municipio', 'Los Taques'),
(117,10, 'Municipio', 'Mauroa'),
(118,10, 'Municipio', 'Miranda'),
(119,10, 'Municipio', 'Monseñor Iturriza'),
(120,10, 'Municipio', 'Palmasola'),
(121,10, 'Municipio', 'Petit'),
(122,10, 'Municipio', 'Píritu'),
(123,10, 'Municipio', 'San Francisco'),
(124,10, 'Municipio', 'Sucre'),
(125,10, 'Municipio', 'Tocópero'),
(126,10, 'Municipio', 'Unión'),
(127,10, 'Municipio', 'Urumaco'),
(128,10, 'Municipio', 'Zamora'),
(129,11, 'Municipio', 'Camaguán'),
(130,11, 'Municipio', 'Chaguaramas'),
(131,11, 'Municipio', 'El Socorro'),
(132,11, 'Municipio', 'José Félix Ribas'),
(133,11, 'Municipio', 'José Tadeo Monagas'),
(134,11, 'Municipio', 'Juan Germán Roscio'),
(135,11, 'Municipio', 'Julián Mellado'),
(136,11, 'Municipio', 'Las Mercedes'),
(137,11, 'Municipio', 'Leonardo Infante'),
(138,11, 'Municipio', 'Pedro Zaraza'),
(139,11, 'Municipio', 'Ortíz'),
(140,11, 'Municipio', 'San Gerónimo de Guayabal'),
(141,11, 'Municipio', 'San José de Guaribe'),
(142,11, 'Municipio', 'Santa María de Ipire'),
(143,11, 'Municipio', 'Sebastián Francisco de Miranda'),
(144,12, 'Municipio', 'Andrés Eloy Blanco'),
(145,12, 'Municipio', 'Crespo'),
(146,12, 'Municipio', 'Iribarren'),
(147,12, 'Municipio', 'Jiménez'),
(148,12, 'Municipio', 'Morán'),
(149,12, 'Municipio', 'Palavecino'),
(150,12, 'Municipio', 'Simón Planas'),
(151,12, 'Municipio', 'Torres'),
(152,12, 'Municipio', 'Urdaneta'),
(179,13, 'Municipio', 'Alberto Adriani'),
(180,13, 'Municipio', 'Andrés Bello'),
(181,13, 'Municipio', 'Antonio Pinto Salinas'),
(182,13, 'Municipio', 'Aricagua'),
(183,13, 'Municipio', 'Arzobispo Chacón'),
(184,13, 'Municipio', 'Campo Elías'),
(185,13, 'Municipio', 'Caracciolo Parra Olmedo'),
(186,13, 'Municipio', 'Cardenal Quintero'),
(187,13, 'Municipio', 'Guaraque'),
(188,13, 'Municipio', 'Julio César Salas'),
(189,13, 'Municipio', 'Justo Briceño'),
(190,13, 'Municipio', 'Libertador'),
(191,13, 'Municipio', 'Miranda'),
(192,13, 'Municipio', 'Obispo Ramos de Lora'),
(193,13, 'Municipio', 'Padre Noguera'),
(194,13, 'Municipio', 'Pueblo Llano'),
(195,13, 'Municipio', 'Rangel'),
(196,13, 'Municipio', 'Rivas Dávila'),
(197,13, 'Municipio', 'Santos Marquina'),
(198,13, 'Municipio', 'Sucre'),
(199,13, 'Municipio', 'Tovar'),
(200,13, 'Municipio', 'Tulio Febres Cordero'),
(201,13, 'Municipio', 'Zea'),
(223,14, 'Municipio', 'Acevedo'),
(224,14, 'Municipio', 'Andrés Bello'),
(225,14, 'Municipio', 'Baruta'),
(226,14, 'Municipio', 'Brión'),
(227,14, 'Municipio', 'Buroz'),
(228,14, 'Municipio', 'Carrizal'),
(229,14, 'Municipio', 'Chacao'),
(230,14, 'Municipio', 'Cristóbal Rojas'),
(231,14, 'Municipio', 'El Hatillo'),
(232,14, 'Municipio', 'Guaicaipuro'),
(233,14, 'Municipio', 'Independencia'),
(234,14, 'Municipio', 'Lander'),
(235,14, 'Municipio', 'Los Salias'),
(236,14, 'Municipio', 'Páez'),
(237,14, 'Municipio', 'Paz Castillo'),
(238,14, 'Municipio', 'Pedro Gual'),
(239,14, 'Municipio', 'Plaza'),
(240,14, 'Municipio', 'Simón Bolívar'),
(241,14, 'Municipio', 'Sucre'),
(242,14, 'Municipio', 'Urdaneta'),
(243,14, 'Municipio', 'Zamora'),
(258,15, 'Municipio', 'Acosta'),
(259,15, 'Municipio', 'Aguasay'),
(260,15, 'Municipio', 'Bolívar'),
(261,15, 'Municipio', 'Caripe'),
(262,15, 'Municipio', 'Cedeño'),
(263,15, 'Municipio', 'Ezequiel Zamora'),
(264,15, 'Municipio', 'Libertador'),
(265,15, 'Municipio', 'Maturín'),
(266,15, 'Municipio', 'Piar'),
(267,15, 'Municipio', 'Punceres'),
(268,15, 'Municipio', 'Santa Bárbara'),
(269,15, 'Municipio', 'Sotillo'),
(270,15, 'Municipio', 'Uracoa'),
(271,16, 'Municipio', 'Antolín del Campo'),
(272,16, 'Municipio', 'Arismendi'),
(273,16, 'Municipio', 'García'),
(274,16, 'Municipio', 'Gómez'),
(275,16, 'Municipio', 'Maneiro'),
(276,16, 'Municipio', 'Marcano'),
(277,16, 'Municipio', 'Mariño'),
(278,16, 'Municipio', 'Península de Macanao'),
(279,16, 'Municipio', 'Tubores'),
(280,16, 'Municipio', 'Villalba'),
(281,16, 'Municipio', 'Díaz'),
(282,17, 'Municipio', 'Agua Blanca'),
(283,17, 'Municipio', 'Araure'),
(284,17, 'Municipio', 'Esteller'),
(285,17, 'Municipio', 'Guanare'),
(286,17, 'Municipio', 'Guanarito'),
(287,17, 'Municipio', 'Monseñor José Vicente de Unda'),
(288,17, 'Municipio', 'Ospino'),
(289,17, 'Municipio', 'Páez'),
(290,17, 'Municipio', 'Papelón'),
(291,17, 'Municipio', 'San Genaro de Boconoíto'),
(292,17, 'Municipio', 'San Rafael de Onoto'),
(293,17, 'Municipio', 'Santa Rosalía'),
(294,17, 'Municipio', 'Sucre'),
(295,17, 'Municipio', 'Turén'),
(296,18, 'Municipio', 'Andrés Eloy Blanco'),
(297,18, 'Municipio', 'Andrés Mata'),
(298,18, 'Municipio', 'Arismendi'),
(299,18, 'Municipio', 'Benítez'),
(300,18, 'Municipio', 'Bermúdez'),
(301,18, 'Municipio', 'Bolívar'),
(302,18, 'Municipio', 'Cajigal'),
(303,18, 'Municipio', 'Cruz Salmerón Acosta'),
(304,18, 'Municipio', 'Libertador'),
(305,18, 'Municipio', 'Mariño'),
(306,18, 'Municipio', 'Mejía'),
(307,18, 'Municipio', 'Montes'),
(308,18, 'Municipio', 'Ribero'),
(309,18, 'Municipio', 'Sucre'),
(310,18, 'Municipio', 'Valdéz'),
(341,19, 'Municipio', 'Andrés Bello'),
(342,19, 'Municipio', 'Antonio Rómulo Costa'),
(343,19, 'Municipio', 'Ayacucho'),
(344,19, 'Municipio', 'Bolívar'),
(345,19, 'Municipio', 'Cárdenas'),
(346,19, 'Municipio', 'Córdoba'),
(347,19, 'Municipio', 'Fernández Feo'),
(348,19, 'Municipio', 'Francisco de Miranda'),
(349,19, 'Municipio', 'García de Hevia'),
(350,19, 'Municipio', 'Guásimos'),
(351,19, 'Municipio', 'Independencia'),
(352,19, 'Municipio', 'Jáuregui'),
(353,19, 'Municipio', 'José María Vargas'),
(354,19, 'Municipio', 'Junín'),
(355,19, 'Municipio', 'Libertad'),
(356,19, 'Municipio', 'Libertador'),
(357,19, 'Municipio', 'Lobatera'),
(358,19, 'Municipio', 'Michelena'),
(359,19, 'Municipio', 'Panamericano'),
(360,19, 'Municipio', 'Pedro María Ureña'),
(361,19, 'Municipio', 'Rafael Urdaneta'),
(362,19, 'Municipio', 'Samuel Darío Maldonado'),
(363,19, 'Municipio', 'San Cristóbal'),
(364,19, 'Municipio', 'Seboruco'),
(365,19, 'Municipio', 'Simón Rodríguez'),
(366,19, 'Municipio', 'Sucre'),
(367,19, 'Municipio', 'Torbes'),
(368,19, 'Municipio', 'Uribante'),
(369,19, 'Municipio', 'San Judas Tadeo'),
(370,20, 'Municipio', 'Andrés Bello'),
(371,20, 'Municipio', 'Boconó'),
(372,20, 'Municipio', 'Bolívar'),
(373,20, 'Municipio', 'Candelaria'),
(374,20, 'Municipio', 'Carache'),
(375,20, 'Municipio', 'Escuque'),
(376,20, 'Municipio', 'José Felipe Márquez Cañizalez'),
(377,20, 'Municipio', 'Juan Vicente Campos Elías'),
(378,20, 'Municipio', 'La Ceiba'),
(379,20, 'Municipio', 'Miranda'),
(380,20, 'Municipio', 'Monte Carmelo'),
(381,20, 'Municipio', 'Motatán'),
(382,20, 'Municipio', 'Pampán'),
(383,20, 'Municipio', 'Pampanito'),
(384,20, 'Municipio', 'Rafael Rangel'),
(385,20, 'Municipio', 'San Rafael de Carvajal'),
(386,20, 'Municipio', 'Sucre'),
(387,20, 'Municipio', 'Trujillo'),
(388,20, 'Municipio', 'Urdaneta'),
(389,20, 'Municipio', 'Valera'),
(390,21, 'Municipio', 'Vargas'),
(391,22, 'Municipio', 'Arístides Bastidas'),
(392,22, 'Municipio', 'Bolívar'),
(407,22, 'Municipio', 'Bruzual'),
(408,22, 'Municipio', 'Cocorote'),
(409,22, 'Municipio', 'Independencia'),
(410,22, 'Municipio', 'José Antonio Páez'),
(411,22, 'Municipio', 'La Trinidad'),
(412,22, 'Municipio', 'Manuel Monge'),
(413,22, 'Municipio', 'Nirgua'),
(414,22, 'Municipio', 'Peña'),
(415,22, 'Municipio', 'San Felipe'),
(416,22, 'Municipio', 'Sucre'),
(417,22, 'Municipio', 'Urachiche'),
(418,22, 'Municipio', 'José Joaquín Veroes'),
(441,23, 'Municipio', 'Almirante Padilla'),
(442,23, 'Municipio', 'Baralt'),
(443,23, 'Municipio', 'Cabimas'),
(444,23, 'Municipio', 'Catatumbo'),
(445,23, 'Municipio', 'Colón'),
(446,23, 'Municipio', 'Francisco Javier Pulgar'),
(447,23, 'Municipio', 'Páez'),
(448,23, 'Municipio', 'Jesús Enrique Losada'),
(449,23, 'Municipio', 'Jesús María Semprún'),
(450,23, 'Municipio', 'La Cañada de Urdaneta'),
(451,23, 'Municipio', 'Lagunillas'),
(452,23, 'Municipio', 'Machiques de Perijá'),
(453,23, 'Municipio', 'Mara'),
(454,23, 'Municipio', 'Maracaibo'),
(455,23, 'Municipio', 'Miranda'),
(456,23, 'Municipio', 'Rosario de Perijá'),
(457,23, 'Municipio', 'San Francisco'),
(458,23, 'Municipio', 'Santa Rita'),
(459,23, 'Municipio', 'Simón Bolívar'),
(460,23, 'Municipio', 'Sucre'),
(461,23, 'Municipio', 'Valmore Rodríguez'),
(462,24, 'Municipio', 'Libertador');

INSERT INTO lugar (lug_codigo , fk_lugar, lug_tipo , lug_nombre) VALUES
(463, 1601,  'Parroquia','Alto Orinoco'),
(464, 1601,  'Parroquia','Huachamacare Acanaña'),
(465, 1601,  'Parroquia','Marawaka Toky Shamanaña'),
(466, 1601,  'Parroquia','Mavaka Mavaka'),
(467, 1601,  'Parroquia','Sierra Parima Parimabé'),
(468, 1602,  'Parroquia','Ucata Laja Lisa'),
(469, 1602,  'Parroquia','Yapacana Macuruco'),
(470, 1602,  'Parroquia','Caname Guarinuma'),
(471, 1603,  'Parroquia','Fernando Girón Tovar'),
(472, 1603,  'Parroquia','Luis Alberto Gómez'),
(473, 1603,  'Parroquia','Pahueña Limón de Parhueña'),
(474, 1603,  'Parroquia','Platanillal Platanillal'),
(475, 1604,  'Parroquia','Samariapo'),
(476, 1604,  'Parroquia','Sipapo'),
(477, 1604,  'Parroquia','Munduapo'),
(478, 1604,  'Parroquia','Guayapo'),
(479, 1605,  'Parroquia','Alto Ventuari'),
(480, 1605,  'Parroquia','Medio Ventuari'),
(481, 1605,  'Parroquia','Bajo Ventuari'),
(482, 1606,  'Parroquia','Victorino'),
(483, 1606,  'Parroquia','Comunidad'),
(484, 1607,  'Parroquia','Casiquiare'),
(485, 1607,  'Parroquia','Cocuy'),
(486, 1607,  'Parroquia','San Carlos de Río Negro'),
(487, 1607,  'Parroquia','Solano'),
(488, 1608,  'Parroquia','Anaco'),
(489, 1608,  'Parroquia','San Joaquín'),
(490, 1609,  'Parroquia','Cachipo'),
(491, 1609,  'Parroquia','Aragua de Barcelona'),
(492, 1611, 'Parroquia', 'Lechería'),
(493, 1611, 'Parroquia', 'El Morro'),
(494, 1612, 'Parroquia', 'Puerto Píritu'),
(495, 1612, 'Parroquia', 'San Miguel'),
(496, 1612, 'Parroquia', 'Sucre'),
(497, 1613, 'Parroquia', 'Valle de Guanape'),
(498, 1613, 'Parroquia', 'Santa Bárbara'),
(499, 1614, 'Parroquia', 'El Chaparro'),
(500, 1614, 'Parroquia', 'Tomás Alfaro'),
(501, 1614, 'Parroquia', 'Calatrava'),
(502, 1615, 'Parroquia', 'Guanta'),
(503, 1615, 'Parroquia', 'Chorrerón'),
(504, 1616, 'Parroquia', 'Mamo'),
(505, 1616, 'Parroquia', 'Soledad'),
(506, 1617, 'Parroquia', 'Mapire'),
(507, 1617, 'Parroquia', 'Piar'),
(508, 1617, 'Parroquia', 'Santa Clara'),
(509, 1617, 'Parroquia', 'San Diego de Cabrutica'),
(510, 1617, 'Parroquia', 'Uverito'),
(511, 1617, 'Parroquia', 'Zuata'),
(512, 1618, 'Parroquia', 'Puerto La Cruz'),
(513, 1618, 'Parroquia', 'Pozuelos'),
(514, 1619, 'Parroquia', 'Onoto'),
(515, 1619, 'Parroquia', 'San Pablo'),
(516, 1620, 'Parroquia', 'San Mateo'),
(517, 1620, 'Parroquia', 'El Carito'),
(518, 1620, 'Parroquia', 'Santa Inés'),
(519, 1620, 'Parroquia', 'La Romereña'),
(520, 1621, 'Parroquia', 'Atapirire'),
(521, 1621, 'Parroquia', 'Boca del Pao'),
(522, 1621, 'Parroquia', 'El Pao'),
(523, 1621, 'Parroquia', 'Pariaguán'),
(524, 1622, 'Parroquia', 'Cantaura'),
(525, 1622, 'Parroquia', 'Libertador'),
(526, 1622, 'Parroquia', 'Santa Rosa'),
(527, 1622, 'Parroquia', 'Urica'),
(528, 1623, 'Parroquia', 'Píritu'),
(529, 1623, 'Parroquia', 'San Francisco'),
(530, 1624, 'Parroquia', 'San José de Guanipa'),
(531, 1625, 'Parroquia', 'Boca de Uchire'),
(532, 1625, 'Parroquia', 'Boca de Chávez'),
(533, 26, 'Parroquia', 'Pueblo Nuevo'),
(534, 26, 'Parroquia', 'Santa Ana'),
(535, 27, 'Parroquia', 'Bergantín'),
(536, 27, 'Parroquia', 'Caigua'),
(537, 27, 'Parroquia', 'El Carmen'),
(538, 27, 'Parroquia', 'El Pilar'),
(539, 27, 'Parroquia', 'Naricual'),
(540, 27, 'Parroquia', 'San Crsitóbal'),
(541, 28, 'Parroquia', 'Edmundo Barrios'),
(542, 28, 'Parroquia', 'Miguel Otero Silva'),
(543, 29, 'Parroquia', 'Achaguas'),
(544, 29, 'Parroquia', 'Apurito'),
(545, 29, 'Parroquia', 'El Yagual'),
(546, 29, 'Parroquia', 'Guachara'),
(547, 29, 'Parroquia', 'Mucuritas'),
(548, 29, 'Parroquia', 'Queseras del medio'),
(549, 30, 'Parroquia', 'Biruaca'),
(550, 31, 'Parroquia', 'Bruzual'),
(551, 31, 'Parroquia', 'Mantecal'),
(552, 31, 'Parroquia', 'Quintero'),
(553, 31, 'Parroquia', 'Rincón Hondo'),
(554, 31, 'Parroquia', 'San Vicente'),
(555, 32, 'Parroquia', 'Guasdualito'),
(556, 32, 'Parroquia', 'Aramendi'),
(557, 32, 'Parroquia', 'El Amparo'),
(558, 32, 'Parroquia', 'San Camilo'),
(559, 32, 'Parroquia', 'Urdaneta'),
(560, 33, 'Parroquia', 'San Juan de Payara'),
(561, 33, 'Parroquia', 'Codazzi'),
(562, 33, 'Parroquia', 'Cunaviche'),
(563, 34, 'Parroquia', 'Elorza'),
(564, 34, 'Parroquia', 'La Trinidad'),
(565, 35, 'Parroquia', 'San Fernando'),
(566, 35, 'Parroquia', 'El Recreo'),
(567, 35, 'Parroquia', 'Peñalver'),
(568, 35, 'Parroquia', 'San Rafael de Atamaica'),
(569, 36, 'Parroquia', 'Pedro José Ovalles'),
(570, 36, 'Parroquia', 'Joaquín Crespo'),
(571, 36, 'Parroquia', 'José Casanova Godoy'),
(572, 36, 'Parroquia', 'Madre María de San José'),
(573, 36, 'Parroquia', 'Andrés Eloy Blanco'),
(574, 36, 'Parroquia', 'Los Tacarigua'),
(575, 36, 'Parroquia', 'Las Delicias'),
(576, 36, 'Parroquia', 'Choroní'),
(577, 37, 'Parroquia', 'Bolívar'),
(578, 38, 'Parroquia', 'Camatagua'),
(579, 38, 'Parroquia', 'Carmen de Cura'),
(580, 39, 'Parroquia', 'Santa Rita'),
(581, 39, 'Parroquia', 'Francisco de Miranda'),
(582, 39, 'Parroquia', 'Moseñor Feliciano González'),
(583, 40, 'Parroquia', 'Santa Cruz'),
(584, 41, 'Parroquia', 'José Félix Ribas'),
(585, 41, 'Parroquia', 'Castor Nieves Ríos'),
(586, 41, 'Parroquia', 'Las Guacamayas'),
(587, 41, 'Parroquia', 'Pao de Zárate'),
(588, 41, 'Parroquia', 'Zuata'),
(589, 42, 'Parroquia', 'José Rafael Revenga'),
(590, 43, 'Parroquia', 'Palo Negro'),
(591, 43, 'Parroquia', 'San Martín de Porres'),
(592, 44, 'Parroquia', 'El Limón'),
(593, 44, 'Parroquia', 'Caña de Azúcar'),
(594, 45, 'Parroquia', 'Ocumare de la Costa'),
(595, 46, 'Parroquia', 'San Casimiro'),
(596, 46, 'Parroquia', 'Güiripa'),
(597, 46, 'Parroquia', 'Ollas de Caramacate'),
(598, 46, 'Parroquia', 'Valle Morín'),
(599, 47, 'Parroquia', 'San Sebastían'),
(600, 48, 'Parroquia', 'Turmero'),
(601, 48, 'Parroquia', 'Arevalo Aponte'),
(602, 48, 'Parroquia', 'Chuao'),
(603, 48, 'Parroquia', 'Samán de Güere'),
(604, 48, 'Parroquia', 'Alfredo Pacheco Miranda'),
(605, 49, 'Parroquia', 'Santos Michelena'),
(606, 49, 'Parroquia', 'Tiara'),
(607, 50, 'Parroquia', 'Cagua'),
(608, 50, 'Parroquia', 'Bella Vista'),
(609, 51, 'Parroquia', 'Tovar'),
(610, 52, 'Parroquia', 'Urdaneta'),
(611, 52, 'Parroquia', 'Las Peñitas'),
(612, 52, 'Parroquia', 'San Francisco de Cara'),
(613, 52, 'Parroquia', 'Taguay'),
(614, 53, 'Parroquia', 'Zamora'),
(615, 53, 'Parroquia', 'Magdaleno'),
(616, 53, 'Parroquia', 'San Francisco de Asís'),
(617, 53, 'Parroquia', 'Valles de Tucutunemo'),
(618, 53, 'Parroquia', 'Augusto Mijares'),
(619, 54, 'Parroquia', 'Sabaneta'),
(620, 54, 'Parroquia', 'Juan Antonio Rodríguez Domínguez'),
(621, 55, 'Parroquia', 'El Cantón'),
(622, 55, 'Parroquia', 'Santa Cruz de Guacas'),
(623, 55, 'Parroquia', 'Puerto Vivas'),
(624, 56, 'Parroquia', 'Ticoporo'),
(625, 56, 'Parroquia', 'Nicolás Pulido'),
(626, 56, 'Parroquia', 'Andrés Bello'),
(627, 57, 'Parroquia', 'Arismendi'),
(628, 57, 'Parroquia', 'Guadarrama'),
(629, 57, 'Parroquia', 'La Unión'),
(630, 57, 'Parroquia', 'San Antonio'),
(631, 58, 'Parroquia', 'Barinas'),
(632, 58, 'Parroquia', 'Alberto Arvelo Larriva'),
(633, 58, 'Parroquia', 'San Silvestre'),
(634, 58, 'Parroquia', 'Santa Inés'),
(635, 58, 'Parroquia', 'Santa Lucía'),
(636, 58, 'Parroquia', 'Torumos'),
(637, 58, 'Parroquia', 'El Carmen'),
(638, 58, 'Parroquia', 'Rómulo Betancourt'),
(639, 58, 'Parroquia', 'Corazón de Jesús'),
(640, 58, 'Parroquia', 'Ramón Ignacio Méndez'),
(641, 58, 'Parroquia', 'Alto Barinas'),
(642, 58, 'Parroquia', 'Manuel Palacio Fajardo'),
(643, 58, 'Parroquia', 'Juan Antonio Rodríguez Domínguez'),
(644, 58, 'Parroquia', 'Dominga Ortiz de Páez'),
(645, 59, 'Parroquia', 'Barinitas'),
(646, 59, 'Parroquia', 'Altamira de Cáceres'),
(647, 59, 'Parroquia', 'Calderas'),
(648, 60, 'Parroquia', 'Barrancas'),
(649, 60, 'Parroquia', 'El Socorro'),
(650, 60, 'Parroquia', 'Mazparrito'),
(651, 61, 'Parroquia', 'Santa Bárbara'),
(652, 61, 'Parroquia', 'Pedro Briceño Méndez'),
(653, 61, 'Parroquia', 'Ramón Ignacio Méndez'),
(654, 61, 'Parroquia', 'José Ignacio del Pumar'),
(655, 62, 'Parroquia', 'Obispos'),
(656, 62, 'Parroquia', 'Guasimitos'),
(657, 62, 'Parroquia', 'El Real'),
(658, 62, 'Parroquia', 'La Luz'),
(659, 63, 'Parroquia', 'Ciudad Bolívia'),
(660, 63, 'Parroquia', 'José Ignacio Briceño'),
(661, 63, 'Parroquia', 'José Félix Ribas'),
(662, 63, 'Parroquia', 'Páez'),
(663, 64, 'Parroquia', 'Libertad'),
(664, 64, 'Parroquia', 'Dolores'),
(665, 64, 'Parroquia', 'Santa Rosa'),
(666, 64, 'Parroquia', 'Palacio Fajardo'),
(667, 65, 'Parroquia', 'Ciudad de Nutrias'),
(668, 65, 'Parroquia', 'El Regalo'),
(669, 65, 'Parroquia', 'Puerto Nutrias'),
(670, 65, 'Parroquia', 'Santa Catalina'),
(671, 66, 'Parroquia', 'Cachamay'),
(672, 66, 'Parroquia', 'Chirica'),
(673, 66, 'Parroquia', 'Dalla Costa'),
(674, 66, 'Parroquia', 'Once de Abril'),
(675, 66, 'Parroquia', 'Simón Bolívar'),
(676, 66, 'Parroquia', 'Unare'),
(677, 66, 'Parroquia', 'Universidad'),
(678, 66, 'Parroquia', 'Vista al Sol'),
(679, 66, 'Parroquia', 'Pozo Verde'),
(680, 66, 'Parroquia', 'Yocoima'),
(681, 66, 'Parroquia', '5 de Julio'),
(682, 67, 'Parroquia', 'Cedeño'),
(683, 67, 'Parroquia', 'Altagracia'),
(684, 67, 'Parroquia', 'Ascensión Farreras'),
(685, 67, 'Parroquia', 'Guaniamo'),
(686, 67, 'Parroquia', 'La Urbana'),
(687, 67, 'Parroquia', 'Pijiguaos'),
(688, 68, 'Parroquia', 'El Callao'),
(689, 69, 'Parroquia', 'Gran Sabana'),
(690, 69, 'Parroquia', 'Ikabarú'),
(691, 70, 'Parroquia', 'Catedral'),
(692, 70, 'Parroquia', 'Zea'),
(693, 70, 'Parroquia', 'Orinoco'),
(694, 70, 'Parroquia', 'José Antonio Páez'),
(695, 70, 'Parroquia', 'Marhuanta'),
(696, 70, 'Parroquia', 'Agua Salada'),
(697, 70, 'Parroquia', 'Vista Hermosa'),
(698, 70, 'Parroquia', 'La Sabanita'),
(699, 70, 'Parroquia', 'Panapana'),
(700, 71, 'Parroquia', 'Andrés Eloy Blanco'),
(701, 71, 'Parroquia', 'Pedro Cova'),
(702, 72, 'Parroquia', 'Raúl Leoni'),
(703, 72, 'Parroquia', 'Barceloneta'),
(704, 72, 'Parroquia', 'Santa Bárbara'),
(705, 72, 'Parroquia', 'San Francisco'),
(706, 73, 'Parroquia', 'Roscio'),
(707, 73, 'Parroquia', 'Salóm'),
(708, 74, 'Parroquia', 'Sifontes'),
(709, 74, 'Parroquia', 'Dalla Costa'),
(710, 74, 'Parroquia', 'San Isidro'),
(711, 75, 'Parroquia', 'Sucre'),
(712, 75, 'Parroquia', 'Aripao'),
(713, 75, 'Parroquia', 'Guarataro'),
(714, 75, 'Parroquia', 'Las Majadas'),
(715, 75, 'Parroquia', 'Moitaco'),
(716, 76, 'Parroquia', 'Padre Pedro Chien'),
(717, 76, 'Parroquia', 'Río Grande'),
(718, 77, 'Parroquia', 'Bejuma'),
(719, 77, 'Parroquia', 'Canoabo'),
(720, 77, 'Parroquia', 'Simón Bolívar'),
(721, 78, 'Parroquia', 'Güigüe'),
(722, 78, 'Parroquia', 'Carabobo'),
(723, 78, 'Parroquia', 'Tacarigua'),
(724, 79, 'Parroquia', 'Mariara'),
(725, 79, 'Parroquia', 'Aguas Calientes'),
(726, 80, 'Parroquia', 'Ciudad Alianza'),
(727, 80, 'Parroquia', 'Guacara'),
(728, 80, 'Parroquia', 'Yagua'),
(729, 81, 'Parroquia', 'Morón'),
(730, 81, 'Parroquia', 'Yagua'),
(731, 82, 'Parroquia', 'Tocuyito'),
(732, 82, 'Parroquia', 'Independencia'),
(733, 83, 'Parroquia', 'Los Guayos'),
(734, 84, 'Parroquia', 'Miranda'),
(735, 85, 'Parroquia', 'Montalbán'),
(736, 86, 'Parroquia', 'Naguanagua'),
(737, 87, 'Parroquia', 'Bartolomé Salóm'),
(738, 87, 'Parroquia', 'Democracia'),
(739, 87, 'Parroquia', 'Fraternidad'),
(740, 87, 'Parroquia', 'Goaigoaza'),
(741, 87, 'Parroquia', 'Juan José Flores'),
(742, 87, 'Parroquia', 'Unión'),
(743, 87, 'Parroquia', 'Borburata'),
(744, 87, 'Parroquia', 'Patanemo'),
(745, 88, 'Parroquia', 'San Diego'),
(746, 89, 'Parroquia', 'San Joaquín'),
(747, 90, 'Parroquia', 'Candelaria'),
(748, 90, 'Parroquia', 'Catedral'),
(749, 90, 'Parroquia', 'El Socorro'),
(750, 90, 'Parroquia', 'Miguel Peña'),
(751, 90, 'Parroquia', 'Rafael Urdaneta'),
(752, 90, 'Parroquia', 'San Blas'),
(753, 90, 'Parroquia', 'San José'),
(754, 90, 'Parroquia', 'Santa Rosa'),
(755, 90, 'Parroquia', 'Negro Primero'),
(756, 91, 'Parroquia', 'Cojedes'),
(757, 91, 'Parroquia', 'Juan de Mata Suárez'),
(758, 92, 'Parroquia', 'Tinaquillo'),
(759, 93, 'Parroquia', 'El Baúl'),
(760, 93, 'Parroquia', 'Sucre'),
(761, 94, 'Parroquia', 'La Aguadita'),
(762, 94, 'Parroquia', 'Macapo'),
(763, 95, 'Parroquia', 'El Pao'),
(764, 96, 'Parroquia', 'El Amparo'),
(765, 96, 'Parroquia', 'Libertad de Cojedes'),
(766, 97, 'Parroquia', 'Rómulo Gallegos'),
(767, 98, 'Parroquia', 'San Carlos de Austria'),
(768, 98, 'Parroquia', 'Juan Ángel Bravo'),
(769, 98, 'Parroquia', 'Manuel Manrique'),
(770, 99, 'Parroquia', 'General en Jefe José Laurencio Silva'),
(771, 100, 'Parroquia', 'Curiapo'),
(772, 100, 'Parroquia', 'Almirante Luis Brión'),
(773, 100, 'Parroquia', 'Francisco Aniceto Lugo'),
(774, 100, 'Parroquia', 'Manuel Renaud'),
(775, 100, 'Parroquia', 'Padre Barral'),
(776, 100, 'Parroquia', 'Santos de Abelgas'),
(777, 101, 'Parroquia', 'Imataca'),
(778, 101, 'Parroquia', 'Cinco de Julio'),
(779, 101, 'Parroquia', 'Juan Bautista Arismendi'),
(780, 101, 'Parroquia', 'Manuel Piar'),
(781, 101, 'Parroquia', 'Rómulo Gallegos'),
(782, 102, 'Parroquia', 'Pedernales'),
(783, 102, 'Parroquia', 'Luis Beltrán Prieto Figueroa'),
(784, 103, 'Parroquia', 'San José (Delta Amacuro)'),
(785, 103, 'Parroquia', 'José Vidal Marcano'),
(786, 103, 'Parroquia', 'Juan Millán'),
(787, 103, 'Parroquia', 'Leonardo Ruíz Pineda'),
(788, 103, 'Parroquia', 'Mariscal Antonio José de Sucre'),
(789, 103, 'Parroquia', 'Monseñor Argimiro García'),
(790, 103, 'Parroquia', 'San Rafael (Delta Amacuro)'),
(791, 103, 'Parroquia', 'Virgen del Valle'),
(792, 10,  'Parroquia','Clarines'),
(793, 10,  'Parroquia','Guanape'),
(794, 10,  'Parroquia','Sabana de Uchire'),
(795, 104, 'Parroquia', 'Capadare'),
(796, 104, 'Parroquia', 'La Pastora'),
(797, 104, 'Parroquia', 'Libertador'),
(798, 104, 'Parroquia', 'San Juan de los Cayos'),
(799, 105, 'Parroquia', 'Aracua'),
(800, 105, 'Parroquia', 'La Peña'),
(801, 105, 'Parroquia', 'San Luis'),
(802, 106, 'Parroquia', 'Bariro'),
(803, 106, 'Parroquia', 'Borojó'),
(804, 106, 'Parroquia', 'Capatárida'),
(805, 106, 'Parroquia', 'Guajiro'),
(806, 106, 'Parroquia', 'Seque'),
(807, 106, 'Parroquia', 'Zazárida'),
(808, 106, 'Parroquia', 'Valle de Eroa'),
(809, 107, 'Parroquia', 'Cacique Manaure'),
(810, 108, 'Parroquia', 'Norte'),
(811, 108, 'Parroquia', 'Carirubana'),
(812, 108, 'Parroquia', 'Santa Ana'),
(813, 108, 'Parroquia', 'Urbana Punta Cardón'),
(814, 109, 'Parroquia', 'La Vela de Coro'),
(815, 109, 'Parroquia', 'Acurigua'),
(816, 109, 'Parroquia', 'Guaibacoa'),
(817, 109, 'Parroquia', 'Las Calderas'),
(818, 109, 'Parroquia', 'Macoruca'),
(819, 110, 'Parroquia', 'Dabajuro'),
(820, 111, 'Parroquia', 'Agua Clara'),
(821, 111, 'Parroquia', 'Avaria'),
(822, 111, 'Parroquia', 'Pedregal'),
(823, 111, 'Parroquia', 'Piedra Grande'),
(824, 111, 'Parroquia', 'Purureche'),
(825, 112, 'Parroquia', 'Adaure'),
(826, 112, 'Parroquia', 'Adícora'),
(827, 112, 'Parroquia', 'Baraived'),
(828, 112, 'Parroquia', 'Buena Vista'),
(829, 112, 'Parroquia', 'Jadacaquiva'),
(830, 112, 'Parroquia', 'El Vínculo'),
(831, 112, 'Parroquia', 'El Hato'),
(832, 112, 'Parroquia', 'Moruy'),
(833, 112, 'Parroquia', 'Pueblo Nuevo'),
(834, 113, 'Parroquia', 'Agua Larga'),
(835, 113, 'Parroquia', 'El Paují'),
(836, 113, 'Parroquia', 'Independencia'),
(837, 113, 'Parroquia', 'Mapararí'),
(838, 114, 'Parroquia', 'Agua Linda'),
(839, 114, 'Parroquia', 'Araurima'),
(840, 114, 'Parroquia', 'Jacura'),
(841, 115, 'Parroquia', 'Tucacas'),
(842, 115, 'Parroquia', 'Boca de Aroa'),
(843, 116, 'Parroquia', 'Los Taques'),
(844, 116, 'Parroquia', 'Judibana'),
(845, 117, 'Parroquia', 'Mene de Mauroa'),
(846, 117, 'Parroquia', 'San Félix'),
(847, 117, 'Parroquia', 'Casigua'),
(848, 118, 'Parroquia', 'Guzmán Guillermo'),
(849, 118, 'Parroquia', 'Mitare'),
(850, 118, 'Parroquia', 'Río Seco'),
(851, 118, 'Parroquia', 'Sabaneta'),
(852, 118, 'Parroquia', 'San Antonio'),
(853, 118, 'Parroquia', 'San Gabriel'),
(854, 118, 'Parroquia', 'Santa Ana'),
(855, 119, 'Parroquia', 'Boca del Tocuyo'),
(856, 119, 'Parroquia', 'Chichiriviche'),
(857, 119, 'Parroquia', 'Tocuyo de la Costa'),
(858, 120, 'Parroquia', 'Palmasola'),
(859, 121, 'Parroquia', 'Cabure'),
(860, 121, 'Parroquia', 'Colina'),
(861, 121, 'Parroquia', 'Curimagua'),
(862, 122, 'Parroquia', 'San José de la Costa'),
(863, 122, 'Parroquia', 'Píritu'),
(864, 123, 'Parroquia', 'San Francisco'),
(865, 124, 'Parroquia', 'Sucre'),
(866, 124, 'Parroquia', 'Pecaya'),
(867, 125, 'Parroquia', 'Tocópero'),
(868, 126, 'Parroquia', 'El Charal'),
(869, 126, 'Parroquia', 'Las Vegas del Tuy'),
(870, 126, 'Parroquia', 'Santa Cruz de Bucaral'),
(871, 127, 'Parroquia', 'Bruzual'),
(872, 127, 'Parroquia', 'Urumaco'),
(873, 128, 'Parroquia', 'Puerto Cumarebo'),
(874, 128, 'Parroquia', 'La Ciénaga'),
(875, 128, 'Parroquia', 'La Soledad'),
(876, 128, 'Parroquia', 'Pueblo Cumarebo'),
(877, 128, 'Parroquia', 'Zazárida'),
(878, 113, 'Parroquia', 'Churuguara'),
(879, 129, 'Parroquia', 'Camaguán'),
(880, 129, 'Parroquia', 'Puerto Miranda'),
(881, 129, 'Parroquia', 'Uverito'),
(882, 130, 'Parroquia', 'Chaguaramas'),
(883, 131, 'Parroquia', 'El Socorro'),
(884, 132, 'Parroquia', 'Tucupido'),
(885, 132, 'Parroquia', 'San Rafael de Laya'),
(886, 133, 'Parroquia', 'Altagracia de Orituco'),
(887, 133, 'Parroquia', 'San Rafael de Orituco'),
(888, 133, 'Parroquia', 'San Francisco Javier de Lezama'),
(889, 133, 'Parroquia', 'Paso Real de Macaira'),
(890, 133, 'Parroquia', 'Carlos Soublette'),
(891, 133, 'Parroquia', 'San Francisco de Macaira'),
(892, 133, 'Parroquia', 'Libertad de Orituco'),
(893, 134, 'Parroquia', 'Cantaclaro'),
(894, 134, 'Parroquia', 'San Juan de los Morros'),
(895, 134, 'Parroquia', 'Parapara'),
(896, 135, 'Parroquia', 'El Sombrero'),
(897, 135, 'Parroquia', 'Sosa'),
(898, 136, 'Parroquia', 'Las Mercedes'),
(899, 136, 'Parroquia', 'Cabruta'),
(900, 136, 'Parroquia', 'Santa Rita de Manapire'),
(901, 137, 'Parroquia', 'Valle de la Pascua'),
(902, 137, 'Parroquia', 'Espino'),
(903, 138, 'Parroquia', 'San José de Unare'),
(904, 138, 'Parroquia', 'Zaraza'),
(905, 139, 'Parroquia', 'San José de Tiznados'),
(906, 139, 'Parroquia', 'San Francisco de Tiznados'),
(907, 139, 'Parroquia', 'San Lorenzo de Tiznados'),
(908, 139, 'Parroquia', 'Ortiz'),
(909, 140, 'Parroquia', 'Guayabal'),
(910, 140, 'Parroquia', 'Cazorla'),
(911, 141, 'Parroquia', 'San José de Guaribe'),
(912, 141, 'Parroquia', 'Uveral'),
(913, 142, 'Parroquia', 'Santa María de Ipire'),
(914, 142, 'Parroquia', 'Altamira'),
(915, 143, 'Parroquia', 'El Calvario'),
(916, 143, 'Parroquia', 'El Rastro'),
(917, 143, 'Parroquia', 'Guardatinajas'),
(918, 143, 'Parroquia', 'Capital Urbana Calabozo'),
(919, 144, 'Parroquia', 'Quebrada Honda de Guache'),
(920, 144, 'Parroquia', 'Pío Tamayo'),
(921, 144, 'Parroquia', 'Yacambú'),
(922, 145, 'Parroquia', 'Fréitez'),
(923, 145, 'Parroquia', 'José María Blanco'),
(924, 146, 'Parroquia', 'Catedral'),
(925, 146, 'Parroquia', 'Concepción'),
(926, 146, 'Parroquia', 'El Cují'),
(927, 146, 'Parroquia', 'Juan de Villegas'),
(928, 146, 'Parroquia', 'Santa Rosa'),
(929, 146, 'Parroquia', 'Tamaca'),
(930, 146, 'Parroquia', 'Unión'),
(931, 146, 'Parroquia', 'Aguedo Felipe Alvarado'),
(932, 146, 'Parroquia', 'Buena Vista'),
(933, 146, 'Parroquia', 'Juárez'),
(934, 147, 'Parroquia', 'Juan Bautista Rodríguez'),
(935, 147, 'Parroquia', 'Cuara'),
(936, 147, 'Parroquia', 'Diego de Lozada'),
(937, 147, 'Parroquia', 'Paraíso de San José'),
(938, 147, 'Parroquia', 'San Miguel'),
(939, 147, 'Parroquia', 'Tintorero'),
(940, 147, 'Parroquia', 'José Bernardo Dorante'),
(941, 147, 'Parroquia', 'Coronel Mariano Peraza '),
(942, 148, 'Parroquia', 'Bolívar'),
(943, 148, 'Parroquia', 'Anzoátegui'),
(944, 148, 'Parroquia', 'Guarico'),
(945, 148, 'Parroquia', 'Hilario Luna y Luna'),
(946, 148, 'Parroquia', 'Humocaro Alto'),
(947, 148, 'Parroquia', 'Humocaro Bajo'),
(948, 148, 'Parroquia', 'La Candelaria'),
(949, 148, 'Parroquia', 'Morán'),
(950, 149, 'Parroquia', 'Cabudare'),
(951, 149, 'Parroquia', 'José Gregorio Bastidas'),
(952, 149, 'Parroquia', 'Agua Viva'),
(953, 150, 'Parroquia', 'Sarare'),
(954, 150, 'Parroquia', 'Buría'),
(955, 150, 'Parroquia', 'Gustavo Vegas León'),
(956, 151, 'Parroquia', 'Trinidad Samuel'),
(957, 151, 'Parroquia', 'Antonio Díaz'),
(958, 151, 'Parroquia', 'Camacaro'),
(959, 151, 'Parroquia', 'Castañeda'),
(960, 151, 'Parroquia', 'Cecilio Zubillaga'),
(961, 151, 'Parroquia', 'Chiquinquirá'),
(962, 151, 'Parroquia', 'El Blanco'),
(963, 151, 'Parroquia', 'Espinoza de los Monteros'),
(964, 151, 'Parroquia', 'Lara'),
(965, 151, 'Parroquia', 'Las Mercedes'),
(966, 151, 'Parroquia', 'Manuel Morillo'),
(967, 151, 'Parroquia', 'Montaña Verde'),
(968, 151, 'Parroquia', 'Montes de Oca'),
(969, 151, 'Parroquia', 'Torres'),
(970, 151, 'Parroquia', 'Heriberto Arroyo'),
(971, 151, 'Parroquia', 'Reyes Vargas'),
(972, 151, 'Parroquia', 'Altagracia'),
(973, 152, 'Parroquia', 'Siquisique'),
(974, 152, 'Parroquia', 'Moroturo'),
(975, 152, 'Parroquia', 'San Miguel'),
(976, 152, 'Parroquia', 'Xaguas'),
(977, 179, 'Parroquia', 'Presidente Betancourt'),
(978, 179, 'Parroquia', 'Presidente Páez'),
(979, 179, 'Parroquia', 'Presidente Rómulo Gallegos'),
(980, 179, 'Parroquia', 'Gabriel Picón González'),
(981, 179, 'Parroquia', 'Héctor Amable Mora'),
(982, 179, 'Parroquia', 'José Nucete Sardi'),
(983, 179, 'Parroquia', 'Pulido Méndez'),
(984, 180, 'Parroquia', 'La Azulita'),
(985, 181, 'Parroquia', 'Santa Cruz de Mora'),
(986, 181, 'Parroquia', 'Mesa Bolívar'),
(987, 181, 'Parroquia', 'Mesa de Las Palmas'),
(988, 182, 'Parroquia', 'Aricagua'),
(989, 182, 'Parroquia', 'San Antonio'),
(990, 183, 'Parroquia', 'Canagua'),
(991, 183, 'Parroquia', 'Capurí'),
(992, 183, 'Parroquia', 'Chacantá'),
(993, 183, 'Parroquia', 'El Molino'),
(994, 183, 'Parroquia', 'Guaimaral'),
(995, 183, 'Parroquia', 'Mucutuy'),
(996, 183, 'Parroquia', 'Mucuchachí'),
(997, 184, 'Parroquia', 'Fernández Peña'),
(998, 184, 'Parroquia', 'Matriz'),
(999, 184, 'Parroquia', 'Montalbán'),
(1000, 184, 'Parroquia', 'Acequias'),
(1001, 184, 'Parroquia', 'Jají'),
(1002, 184, 'Parroquia', 'La Mesa'),
(1003, 184, 'Parroquia', 'San José del Sur'),
(1004, 185, 'Parroquia', 'Tucaní'),
(1005, 185, 'Parroquia', 'Florencio Ramírez'),
(1006, 186, 'Parroquia', 'Santo Domingo'),
(1007, 186, 'Parroquia', 'Las Piedras'),
(1008, 187, 'Parroquia', 'Guaraque'),
(1009, 187, 'Parroquia', 'Mesa de Quintero'),
(1010, 187, 'Parroquia', 'Río Negro'),
(1011, 188, 'Parroquia', 'Arapuey'),
(1012, 188, 'Parroquia', 'Palmira'),
(1013, 189, 'Parroquia', 'San Cristóbal de Torondoy'),
(1014, 189, 'Parroquia', 'Torondoy'),
(1015, 190, 'Parroquia', 'Antonio Spinetti Dini'),
(1016, 190, 'Parroquia', 'Arias'),
(1017, 190, 'Parroquia', 'Caracciolo Parra Pérez'),
(1018, 190, 'Parroquia', 'Domingo Peña'),
(1019, 190, 'Parroquia', 'El Llano'),
(1020, 190, 'Parroquia', 'Gonzalo Picón Febres'),
(1021, 190, 'Parroquia', 'Jacinto Plaza'),
(1022, 190, 'Parroquia', 'Juan Rodríguez Suárez'),
(1023, 190, 'Parroquia', 'Lasso de la Vega'),
(1024, 190, 'Parroquia', 'Mariano Picón Salas'),
(1025, 190, 'Parroquia', 'Milla'),
(1026, 190, 'Parroquia', 'Osuna Rodríguez'),
(1027, 190, 'Parroquia', 'Sagrario'),
(1028, 190, 'Parroquia', 'El Morro'),
(1029, 190, 'Parroquia', 'Los Nevados'),
(1030, 191, 'Parroquia', 'Andrés Eloy Blanco'),
(1031, 191, 'Parroquia', 'La Venta'),
(1032, 191, 'Parroquia', 'Piñango'),
(1033, 191, 'Parroquia', 'Timotes'),
(1034, 192, 'Parroquia', 'Eloy Paredes'),
(1035, 192, 'Parroquia', 'San Rafael de Alcázar'),
(1036, 192, 'Parroquia', 'Santa Elena de Arenales'),
(1037, 193, 'Parroquia', 'Santa María de Caparo'),
(1038, 194, 'Parroquia', 'Pueblo Llano'),
(1039, 195, 'Parroquia', 'Cacute'),
(1040, 195, 'Parroquia', 'La Toma'),
(1041, 195, 'Parroquia', 'Mucuchíes'),
(1042, 195, 'Parroquia', 'Mucurubá'),
(1043, 195, 'Parroquia', 'San Rafael'),
(1044, 196, 'Parroquia', 'Gerónimo Maldonado'),
(1045, 196, 'Parroquia', 'Bailadores'),
(1046, 197, 'Parroquia', 'Tabay'),
(1047, 198, 'Parroquia', 'Chiguará'),
(1048, 198, 'Parroquia', 'Estánquez'),
(1049, 198, 'Parroquia', 'Lagunillas'),
(1050, 198, 'Parroquia', 'La Trampa'),
(1051, 198, 'Parroquia', 'Pueblo Nuevo del Sur'),
(1052, 198, 'Parroquia', 'San Juan'),
(1053, 199, 'Parroquia', 'El Amparo'),
(1054, 199, 'Parroquia', 'El Llano'),
(1055, 199, 'Parroquia', 'San Francisco'),
(1056, 199, 'Parroquia', 'Tovar'),
(1057, 200, 'Parroquia', 'Independencia'),
(1058, 200, 'Parroquia', 'María de la Concepción Palacios Blanco'),
(1059, 200, 'Parroquia', 'Nueva Bolivia'),
(1060, 200, 'Parroquia', 'Santa Apolonia'),
(1061, 201, 'Parroquia', 'Caño El Tigre'),
(1062, 201, 'Parroquia', 'Zea'),
(1063, 223, 'Parroquia', 'Aragüita'),
(1064, 223, 'Parroquia', 'Arévalo González'),
(1065, 223, 'Parroquia', 'Capaya'),
(1066, 223, 'Parroquia', 'Caucagua'),
(1067, 223, 'Parroquia', 'Panaquire'),
(1068, 223, 'Parroquia', 'Ribas'),
(1069, 223, 'Parroquia', 'El Café'),
(1070, 223, 'Parroquia', 'Marizapa'),
(1071, 224, 'Parroquia', 'Cumbo'),
(1072, 224, 'Parroquia', 'San José de Barlovento'),
(1073, 225, 'Parroquia', 'El Cafetal'),
(1074, 225, 'Parroquia', 'Las Minas'),
(1075, 225, 'Parroquia', 'Nuestra Señora del Rosario'),
(1076, 226, 'Parroquia', 'Higuerote'),
(1077, 226, 'Parroquia', 'Curiepe'),
(1078, 226, 'Parroquia', 'Tacarigua de Brión'),
(1079, 227, 'Parroquia', 'Mamporal'),
(1080, 228, 'Parroquia', 'Carrizal'),
(1081, 229, 'Parroquia', 'Chacao'),
(1082, 230, 'Parroquia', 'Charallave'),
(1083, 230, 'Parroquia', 'Las Brisas'),
(1084, 231, 'Parroquia', 'El Hatillo'),
(1085, 232, 'Parroquia', 'Altagracia de la Montaña'),
(1086, 232, 'Parroquia', 'Cecilio Acosta'),
(1087, 232, 'Parroquia', 'Los Teques'),
(1088, 232, 'Parroquia', 'El Jarillo'),
(1089, 232, 'Parroquia', 'San Pedro'),
(1090, 232, 'Parroquia', 'Tácata'),
(1091, 232, 'Parroquia', 'Paracotos'),
(1092, 233, 'Parroquia', 'Cartanal'),
(1093, 233, 'Parroquia', 'Santa Teresa del Tuy'),
(1094, 234, 'Parroquia', 'La Democracia'),
(1095, 234, 'Parroquia', 'Ocumare del Tuy'),
(1096, 234, 'Parroquia', 'Santa Bárbara'),
(1097, 235, 'Parroquia', 'San Antonio de los Altos'),
(1098, 236, 'Parroquia', 'Río Chico'),
(1099, 236, 'Parroquia', 'El Guapo'),
(1100, 236, 'Parroquia', 'Tacarigua de la Laguna'),
(1101, 236, 'Parroquia', 'Paparo'),
(1102, 236, 'Parroquia', 'San Fernando del Guapo'),
(1103, 237, 'Parroquia', 'Santa Lucía del Tuy'),
(1104, 238, 'Parroquia', 'Cúpira'),
(1105, 238, 'Parroquia', 'Machurucuto'),
(1106, 239, 'Parroquia', 'Guarenas'),
(1107, 240, 'Parroquia', 'San Antonio de Yare'),
(1108, 240, 'Parroquia', 'San Francisco de Yare'),
(1109, 241, 'Parroquia', 'Leoncio Martínez'),
(1110, 241, 'Parroquia', 'Petare'),
(1111, 241, 'Parroquia', 'Caucagüita'),
(1112, 241, 'Parroquia', 'Filas de Mariche'),
(1113, 241, 'Parroquia', 'La Dolorita'),
(1114, 242, 'Parroquia', 'Cúa'),
(1115, 242, 'Parroquia', 'Nueva Cúa'),
(1116, 243, 'Parroquia', 'Guatire'),
(1117, 243, 'Parroquia', 'Bolívar'),
(1118, 258, 'Parroquia', 'San Antonio de Maturín'),
(1119, 258, 'Parroquia', 'San Francisco de Maturín'),
(1120, 259, 'Parroquia', 'Aguasay'),
(1121, 260, 'Parroquia', 'Caripito'),
(1122, 261, 'Parroquia', 'El Guácharo'),
(1123, 261, 'Parroquia', 'La Guanota'),
(1124, 261, 'Parroquia', 'Sabana de Piedra'),
(1125, 261, 'Parroquia', 'San Agustín'),
(1126, 261, 'Parroquia', 'Teresen'),
(1127, 261, 'Parroquia', 'Caripe'),
(1128, 262, 'Parroquia', 'Areo'),
(1129, 262, 'Parroquia', 'Capital Cedeño'),
(1130, 262, 'Parroquia', 'San Félix de Cantalicio'),
(1131, 262, 'Parroquia', 'Viento Fresco'),
(1132, 263, 'Parroquia', 'El Tejero'),
(1133, 263, 'Parroquia', 'Punta de Mata'),
(1134, 264, 'Parroquia', 'Chaguaramas'),
(1135, 264, 'Parroquia', 'Las Alhuacas'),
(1136, 264, 'Parroquia', 'Tabasca'),
(1137, 264, 'Parroquia', 'Temblador'),
(1138, 265, 'Parroquia', 'Alto de los Godos'),
(1139, 265, 'Parroquia', 'Boquerón'),
(1140, 265, 'Parroquia', 'Las Cocuizas'),
(1141, 265, 'Parroquia', 'La Cruz'),
(1142, 265, 'Parroquia', 'San Simón'),
(1143, 265, 'Parroquia', 'El Corozo'),
(1144, 265, 'Parroquia', 'El Furrial'),
(1145, 265, 'Parroquia', 'Jusepín'),
(1146, 265, 'Parroquia', 'La Pica'),
(1147, 265, 'Parroquia', 'San Vicente'),
(1148, 266, 'Parroquia', 'Aparicio'),
(1149, 266, 'Parroquia', 'Aragua de Maturín'),
(1150, 266, 'Parroquia', 'Chaguamal'),
(1151, 266, 'Parroquia', 'El Pinto'),
(1152, 266, 'Parroquia', 'Guanaguana'),
(1153, 266, 'Parroquia', 'La Toscana'),
(1154, 266, 'Parroquia', 'Taguaya'),
(1155, 267, 'Parroquia', 'Cachipo'),
(1156, 267, 'Parroquia', 'Quiriquire'),
(1157, 268, 'Parroquia', 'Santa Bárbara'),
(1158, 269, 'Parroquia', 'Barrancas'),
(1159, 269, 'Parroquia', 'Los Barrancos de Fajardo'),
(1160, 270, 'Parroquia', 'Uracoa'),
(1161, 271, 'Parroquia', 'Antolín del Campo'),
(1162, 272, 'Parroquia', 'Arismendi'),
(1163, 273, 'Parroquia', 'García'),
(1164, 273, 'Parroquia', 'Francisco Fajardo'),
(1165, 274, 'Parroquia', 'Bolívar'),
(1166, 274, 'Parroquia', 'Guevara'),
(1167, 274, 'Parroquia', 'Matasiete'),
(1168, 274, 'Parroquia', 'Santa Ana'),
(1169, 274, 'Parroquia', 'Sucre'),
(1170, 275, 'Parroquia', 'Aguirre'),
(1171, 275, 'Parroquia', 'Maneiro'),
(1172, 276, 'Parroquia', 'Adrián'),
(1173, 276, 'Parroquia', 'Juan Griego'),
(1174, 276, 'Parroquia', 'Yaguaraparo'),
(1175, 277, 'Parroquia', 'Porlamar'),
(1176, 278, 'Parroquia', 'San Francisco de Macanao'),
(1177, 278, 'Parroquia', 'Boca de Río'),
(1178, 279, 'Parroquia', 'Tubores'),
(1179, 279, 'Parroquia', 'Los Baleales'),
(1180, 280, 'Parroquia', 'Vicente Fuentes'),
(1181, 280, 'Parroquia', 'Villalba'),
(1182, 281, 'Parroquia', 'San Juan Bautista'),
(1183, 281, 'Parroquia', 'Zabala'),
(1184, 283, 'Parroquia', 'Capital Araure'),
(1185, 283, 'Parroquia', 'Río Acarigua'),
(1186, 284, 'Parroquia', 'Capital Esteller'),
(1187, 284, 'Parroquia', 'Uveral'),
(1188, 285, 'Parroquia', 'Guanare'),
(1189, 285, 'Parroquia', 'Córdoba'),
(1190, 285, 'Parroquia', 'San José de la Montaña'),
(1191, 285, 'Parroquia', 'San Juan de Guanaguanare'),
(1192, 285, 'Parroquia', 'Virgen de la Coromoto'),
(1193, 286, 'Parroquia', 'Guanarito'),
(1194, 286, 'Parroquia', 'Trinidad de la Capilla'),
(1195, 286, 'Parroquia', 'Divina Pastora'),
(1196, 287, 'Parroquia', 'Monseñor José Vicente de Unda'),
(1197, 287, 'Parroquia', 'Peña Blanca'),
(1198, 288, 'Parroquia', 'Capital Ospino'),
(1199, 288, 'Parroquia', 'Aparición'),
(1200, 288, 'Parroquia', 'La Estación'),
(1201, 289, 'Parroquia', 'Páez'),
(1202, 289, 'Parroquia', 'Payara'),
(1203, 289, 'Parroquia', 'Pimpinela'),
(1204, 289, 'Parroquia', 'Ramón Peraza'),
(1205, 290, 'Parroquia', 'Papelón'),
(1206, 290, 'Parroquia', 'Caño Delgadito'),
(1207, 291, 'Parroquia', 'San Genaro de Boconoito'),
(1208, 291, 'Parroquia', 'Antolín Tovar'),
(1209, 292, 'Parroquia', 'San Rafael de Onoto'),
(1210, 292, 'Parroquia', 'Santa Fe'),
(1211, 292, 'Parroquia', 'Thermo Morles'),
(1212, 293, 'Parroquia', 'Santa Rosalía'),
(1213, 293, 'Parroquia', 'Florida'),
(1214, 294, 'Parroquia', 'Sucre'),
(1215, 294, 'Parroquia', 'Concepción'),
(1216, 294, 'Parroquia', 'San Rafael de Palo Alzado'),
(1217, 294, 'Parroquia', 'Uvencio Antonio Velásquez'),
(1218, 294, 'Parroquia', 'San José de Saguaz'),
(1219, 294, 'Parroquia', 'Villa Rosa'),
(1220, 295, 'Parroquia', 'Turén'),
(1221, 295, 'Parroquia', 'Canelones'),
(1222, 295, 'Parroquia', 'Santa Cruz'),
(1223, 295, 'Parroquia', 'San Isidro Labrador'),
(1224, 296, 'Parroquia', 'Mariño'),
(1225, 296, 'Parroquia', 'Rómulo Gallegos'),
(1226, 297, 'Parroquia', 'San José de Aerocuar'),
(1227, 297, 'Parroquia', 'Tavera Acosta'),
(1228, 298, 'Parroquia', 'Río Caribe'),
(1229, 298, 'Parroquia', 'Antonio José de Sucre'),
(1230, 298, 'Parroquia', 'El Morro de Puerto Santo'),
(1231, 298, 'Parroquia', 'Puerto Santo'),
(1232, 298, 'Parroquia', 'San Juan de las Galdonas'),
(1233, 299, 'Parroquia', 'El Pilar'),
(1234, 299, 'Parroquia', 'El Rincón'),
(1235, 299, 'Parroquia', 'General Francisco Antonio Váquez'),
(1236, 299, 'Parroquia', 'Guaraúnos'),
(1237, 299, 'Parroquia', 'Tunapuicito'),
(1238, 299, 'Parroquia', 'Unión'),
(1239, 300, 'Parroquia', 'Santa Catalina'),
(1240, 300, 'Parroquia', 'Santa Rosa'),
(1241, 300, 'Parroquia', 'Santa Teresa'),
(1242, 300, 'Parroquia', 'Bolívar'),
(1243, 300, 'Parroquia', 'Maracapana'),
(1244, 302, 'Parroquia', 'Libertad'),
(1245, 302, 'Parroquia', 'El Paujil'),
(1246, 302, 'Parroquia', 'Yaguaraparo'),
(1247, 303, 'Parroquia', 'Cruz Salmerón Acosta'),
(1248, 303, 'Parroquia', 'Chacopata'),
(1249, 303, 'Parroquia', 'Manicuare'),
(1250, 304, 'Parroquia', 'Tunapuy'),
(1251, 304, 'Parroquia', 'Campo Elías'),
(1252, 305, 'Parroquia', 'Irapa'),
(1253, 305, 'Parroquia', 'Campo Claro'),
(1254, 305, 'Parroquia', 'Maraval'),
(1255, 305, 'Parroquia', 'San Antonio de Irapa'),
(1256, 305, 'Parroquia', 'Soro'),
(1257, 306, 'Parroquia', 'Mejía'),
(1258, 307, 'Parroquia', 'Cumanacoa'),
(1259, 307, 'Parroquia', 'Arenas'),
(1260, 307, 'Parroquia', 'Aricagua'),
(1261, 307, 'Parroquia', 'Cogollar'),
(1262, 307, 'Parroquia', 'San Fernando'),
(1263, 307, 'Parroquia', 'San Lorenzo'),
(1264, 308, 'Parroquia', 'Villa Frontado (Muelle de Cariaco)'),
(1265, 308, 'Parroquia', 'Catuaro'),
(1266, 308, 'Parroquia', 'Rendón'),
(1267, 308, 'Parroquia', 'San Cruz'),
(1268, 308, 'Parroquia', 'Santa María'),
(1269, 309, 'Parroquia', 'Altagracia'),
(1270, 309, 'Parroquia', 'Santa Inés'),
(1271, 309, 'Parroquia', 'Valentín Valiente'),
(1272, 309, 'Parroquia', 'Ayacucho'),
(1273, 309, 'Parroquia', 'San Juan'),
(1274, 309, 'Parroquia', 'Raúl Leoni'),
(1275, 309, 'Parroquia', 'Gran Mariscal'),
(1276, 310, 'Parroquia', 'Cristóbal Colón'),
(1277, 310, 'Parroquia', 'Bideau'),
(1278, 310, 'Parroquia', 'Punta de Piedras'),
(1279, 310, 'Parroquia', 'Güiria'),
(1280, 341, 'Parroquia', 'Andrés Bello'),
(1281, 342, 'Parroquia', 'Antonio Rómulo Costa'),
(1282, 343, 'Parroquia', 'Ayacucho'),
(1283, 343, 'Parroquia', 'Rivas Berti'),
(1284, 343, 'Parroquia', 'San Pedro del Río'),
(1285, 344, 'Parroquia', 'Bolívar'),
(1286, 344, 'Parroquia', 'Palotal'),
(1287, 344, 'Parroquia', 'General Juan Vicente Gómez'),
(1288, 344, 'Parroquia', 'Isaías Medina Angarita'),
(1289, 345, 'Parroquia', 'Cárdenas'),
(1290, 345, 'Parroquia', 'Amenodoro Ángel Lamus'),
(1291, 345, 'Parroquia', 'La Florida'),
(1292, 346, 'Parroquia', 'Córdoba'),
(1293, 347, 'Parroquia', 'Fernández Feo'),
(1294, 347, 'Parroquia', 'Alberto Adriani'),
(1295, 347, 'Parroquia', 'Santo Domingo'),
(1296, 348, 'Parroquia', 'Francisco de Miranda'),
(1297, 349, 'Parroquia', 'García de Hevia'),
(1298, 349, 'Parroquia', 'Boca de Grita'),
(1299, 349, 'Parroquia', 'José Antonio Páez'),
(1300, 350, 'Parroquia', 'Guásimos'),
(1301, 351, 'Parroquia', 'Independencia'),
(1302, 351, 'Parroquia', 'Juan Germán Roscio'),
(1303, 351, 'Parroquia', 'Román Cárdenas'),
(1304, 352, 'Parroquia', 'Jáuregui'),
(1305, 352, 'Parroquia', 'Emilio Constantino Guerrero'),
(1306, 352, 'Parroquia', 'Monseñor Miguel Antonio Salas'),
(1307, 353, 'Parroquia', 'José María Vargas'),
(1308, 354, 'Parroquia', 'Junín'),
(1309, 354, 'Parroquia', 'La Petrólea'),
(1310, 354, 'Parroquia', 'Quinimarí'),
(1311, 354, 'Parroquia', 'Bramón'),
(1312, 355, 'Parroquia', 'Libertad'),
(1313, 355, 'Parroquia', 'Cipriano Castro'),
(1314, 355, 'Parroquia', 'Manuel Felipe Rugeles'),
(1315, 356, 'Parroquia', 'Libertador'),
(1316, 356, 'Parroquia', 'Doradas'),
(1317, 356, 'Parroquia', 'Emeterio Ochoa'),
(1318, 356, 'Parroquia', 'San Joaquín de Navay'),
(1319, 357, 'Parroquia', 'Lobatera'),
(1320, 357, 'Parroquia', 'Constitución'),
(1321, 358, 'Parroquia', 'Michelena'),
(1322, 359, 'Parroquia', 'Panamericano'),
(1323, 359, 'Parroquia', 'La Palmita'),
(1324, 360, 'Parroquia', 'Pedro María Ureña'),
(1325, 360, 'Parroquia', 'Nueva Arcadia'),
(1326, 361, 'Parroquia', 'Delicias'),
(1327, 361, 'Parroquia', 'Pecaya'),
(1328, 362, 'Parroquia', 'Samuel Darío Maldonado'),
(1329, 362, 'Parroquia', 'Boconó'),
(1330, 362, 'Parroquia', 'Hernández'),
(1331, 363, 'Parroquia', 'La Concordia'),
(1332, 363, 'Parroquia', 'San Juan Bautista'),
(1333, 363, 'Parroquia', 'Pedro María Morantes'),
(1334, 363, 'Parroquia', 'San Sebastián'),
(1335, 363, 'Parroquia', 'Dr. Francisco Romero Lobo'),
(1336, 364, 'Parroquia', 'Seboruco'),
(1337, 365, 'Parroquia', 'Simón Rodríguez'),
(1338, 366, 'Parroquia', 'Sucre'),
(1339, 366, 'Parroquia', 'Eleazar López Contreras'),
(1340, 366, 'Parroquia', 'San Pablo'),
(1341, 367, 'Parroquia', 'Torbes'),
(1342, 368, 'Parroquia', 'Uribante'),
(1343, 368, 'Parroquia', 'Cárdenas'),
(1344, 368, 'Parroquia', 'Juan Pablo Peñalosa'),
(1345, 368, 'Parroquia', 'Potosí'),
(1346, 369, 'Parroquia', 'San Judas Tadeo'),
(1347, 370, 'Parroquia', 'Araguaney'),
(1348, 370, 'Parroquia', 'El Jaguito'),
(1349, 370, 'Parroquia', 'La Esperanza'),
(1350, 370, 'Parroquia', 'Santa Isabel'),
(1351, 371, 'Parroquia', 'Boconó'),
(1352, 371, 'Parroquia', 'El Carmen'),
(1353, 371, 'Parroquia', 'Mosquey'),
(1354, 371, 'Parroquia', 'Ayacucho'),
(1355, 371, 'Parroquia', 'Burbusay'),
(1356, 371, 'Parroquia', 'General Ribas'),
(1357, 371, 'Parroquia', 'Guaramacal'),
(1358, 371, 'Parroquia', 'Vega de Guaramacal'),
(1359, 371, 'Parroquia', 'Monseñor Jáuregui'),
(1360, 371, 'Parroquia', 'Rafael Rangel'),
(1361, 371, 'Parroquia', 'San Miguel'),
(1362, 371, 'Parroquia', 'San José'),
(1363, 372, 'Parroquia', 'Sabana Grande'),
(1364, 372, 'Parroquia', 'Cheregüé'),
(1365, 372, 'Parroquia', 'Granados'),
(1366, 373, 'Parroquia', 'Arnoldo Gabaldón'),
(1367, 373, 'Parroquia', 'Bolivia'),
(1368, 373, 'Parroquia', 'Carrillo'),
(1369, 373, 'Parroquia', 'Cegarra'),
(1370, 373, 'Parroquia', 'Chejendé'),
(1371, 373, 'Parroquia', 'Manuel Salvador Ulloa'),
(1372, 373, 'Parroquia', 'San José'),
(1373, 374, 'Parroquia', 'Carache'),
(1374, 374, 'Parroquia', 'La Concepción'),
(1375, 374, 'Parroquia', 'Cuicas'),
(1376, 374, 'Parroquia', 'Panamericana'),
(1377, 374, 'Parroquia', 'Santa Cruz'),
(1378, 375, 'Parroquia', 'Escuque'),
(1379, 375, 'Parroquia', 'La Unión'),
(1380, 375, 'Parroquia', 'Santa Rita'),
(1381, 375, 'Parroquia', 'Sabana Libre'),
(1382, 376, 'Parroquia', 'El Socorro'),
(1383, 376, 'Parroquia', 'Los Caprichos'),
(1384, 376, 'Parroquia', 'Antonio José de Sucre'),
(1385, 377, 'Parroquia', 'Campo Elías'),
(1386, 377, 'Parroquia', 'Arnoldo Gabaldón'),
(1387, 378, 'Parroquia', 'Santa Apolonia'),
(1388, 378, 'Parroquia', 'El Progreso'),
(1389, 378, 'Parroquia', 'La Ceiba'),
(1390, 378, 'Parroquia', 'Tres de Febrero'),
(1391, 379, 'Parroquia', 'El Dividive'),
(1392, 379, 'Parroquia', 'Agua Santa'),
(1393, 379, 'Parroquia', 'Agua Caliente'),
(1394, 379, 'Parroquia', 'El Cenizo'),
(1395, 379, 'Parroquia', 'Valerita'),
(1396, 380, 'Parroquia', 'Monte Carmelo'),
(1397, 380, 'Parroquia', 'Buena Vista'),
(1398, 380, 'Parroquia', 'Santa María del Horcón'),
(1399, 381, 'Parroquia', 'Motatán'),
(1400, 381, 'Parroquia', 'El Baño'),
(1401, 381, 'Parroquia', 'Jalisco'),
(1402, 382, 'Parroquia', 'Pampán'),
(1403, 382, 'Parroquia', 'Flor de Patria'),
(1404, 382, 'Parroquia', 'La Paz'),
(1405, 382, 'Parroquia', 'Santa Ana'),
(1406, 383, 'Parroquia', 'Pampanito'),
(1407, 383, 'Parroquia', 'La Concepción'),
(1408, 383, 'Parroquia', 'Pampanito II'),
(1409, 384, 'Parroquia', 'Betijoque'),
(1410, 384, 'Parroquia', 'José Gregorio Hernández'),
(1411, 384, 'Parroquia', 'La Pueblita'),
(1412, 384, 'Parroquia', 'Los Cedros'),
(1413, 385, 'Parroquia', 'Carvajal'),
(1414, 385, 'Parroquia', 'Campo Alegre'),
(1415, 385, 'Parroquia', 'Antonio Nicolás Briceño'),
(1416, 385, 'Parroquia', 'José Leonardo Suárez'),
(1417, 386, 'Parroquia', 'Sabana de Mendoza'),
(1418, 386, 'Parroquia', 'Junín'),
(1419, 386, 'Parroquia', 'Valmore Rodríguez'),
(1420, 386, 'Parroquia', 'El Paraíso'),
(1421, 387, 'Parroquia', 'Andrés Linares'),
(1422, 387, 'Parroquia', 'Chiquinquirá'),
(1423, 387, 'Parroquia', 'Cristóbal Mendoza'),
(1424, 387, 'Parroquia', 'Cruz Carrillo'),
(1425, 387, 'Parroquia', 'Matriz'),
(1426, 387, 'Parroquia', 'Monseñor Carrillo'),
(1427, 387, 'Parroquia', 'Tres Esquinas'),
(1428, 388, 'Parroquia', 'Cabimbú'),
(1429, 388, 'Parroquia', 'Jajó'),
(1430, 388, 'Parroquia', 'La Mesa de Esnujaque'),
(1431, 388, 'Parroquia', 'Santiago'),
(1432, 388, 'Parroquia', 'Tuñame'),
(1433, 388, 'Parroquia', 'La Quebrada'),
(1434, 389, 'Parroquia', 'Juan Ignacio Montilla'),
(1435, 389, 'Parroquia', 'La Beatriz'),
(1436, 389, 'Parroquia', 'La Puerta'),
(1437, 389, 'Parroquia', 'Mendoza del Valle de Momboy'),
(1438, 389, 'Parroquia', 'Mercedes Díaz'),
(1439, 389, 'Parroquia', 'San Luis'),
(1440, 390, 'Parroquia', 'Caraballeda'),
(1441, 390, 'Parroquia', 'Carayaca'),
(1442, 390, 'Parroquia', 'Carlos Soublette'),
(1443, 390, 'Parroquia', 'Caruao Chuspa'),
(1444, 390, 'Parroquia', 'Catia La Mar'),
(1445, 390, 'Parroquia', 'El Junko'),
(1446, 390, 'Parroquia', 'La Guaira'),
(1447, 390, 'Parroquia', 'Macuto'),
(1448, 390, 'Parroquia', 'Maiquetía'),
(1449, 390, 'Parroquia', 'Naiguatá'),
(1450, 390, 'Parroquia', 'Urimare'),
(1451, 391, 'Parroquia', 'Arístides Bastidas'),
(1452, 392, 'Parroquia', 'Bolívar'),
(1453, 407, 'Parroquia', 'Chivacoa'),
(1454, 407, 'Parroquia', 'Campo Elías'),
(1455, 408, 'Parroquia', 'Cocorote'),
(1456, 409, 'Parroquia', 'Independencia'),
(1457, 410, 'Parroquia', 'José Antonio Páez'),
(1458, 411, 'Parroquia', 'La Trinidad'),
(1459, 412, 'Parroquia', 'Manuel Monge'),
(1460, 413, 'Parroquia', 'Salóm'),
(1461, 413, 'Parroquia', 'Temerla'),
(1462, 413, 'Parroquia', 'Nirgua'),
(1463, 414, 'Parroquia', 'San Andrés'),
(1464, 414, 'Parroquia', 'Yaritagua'),
(1465, 415, 'Parroquia', 'San Javier'),
(1466, 415, 'Parroquia', 'Albarico'),
(1467, 415, 'Parroquia', 'San Felipe'),
(1468, 416, 'Parroquia', 'Sucre'),
(1469, 417, 'Parroquia', 'Urachiche'),
(1470, 418, 'Parroquia', 'El Guayabo'),
(1471, 418, 'Parroquia', 'Farriar'),
(1472, 441, 'Parroquia', 'Isla de Toas'),
(1473, 441, 'Parroquia', 'Monagas'),
(1474, 442, 'Parroquia', 'San Timoteo'),
(1475, 442, 'Parroquia', 'General Urdaneta'),
(1476, 442, 'Parroquia', 'Libertador'),
(1477, 442, 'Parroquia', 'Marcelino Briceño'),
(1478, 442, 'Parroquia', 'Pueblo Nuevo'),
(1479, 442, 'Parroquia', 'Manuel Guanipa Matos'),
(1480, 443, 'Parroquia', 'Ambrosio'),
(1481, 443, 'Parroquia', 'Carmen Herrera'),
(1482, 443, 'Parroquia', 'La Rosa'),
(1483, 443, 'Parroquia', 'Germán Ríos Linares'),
(1484, 443, 'Parroquia', 'San Benito'),
(1485, 443, 'Parroquia', 'Rómulo Betancourt'),
(1486, 443, 'Parroquia', 'Jorge Hernández'),
(1487, 443, 'Parroquia', 'Punta Gorda'),
(1488, 443, 'Parroquia', 'Arístides Calvani'),
(1489, 444, 'Parroquia', 'Encontrados'),
(1490, 444, 'Parroquia', 'Udón Pérez'),
(1491, 445, 'Parroquia', 'Moralito'),
(1492, 445, 'Parroquia', 'San Carlos del Zulia'),
(1493, 445, 'Parroquia', 'Santa Cruz del Zulia'),
(1494, 445, 'Parroquia', 'Santa Bárbara'),
(1495, 445, 'Parroquia', 'Urribarrí'),
(1496, 446, 'Parroquia', 'Carlos Quevedo'),
(1497, 446, 'Parroquia', 'Francisco Javier Pulgar'),
(1498, 446, 'Parroquia', 'Simón Rodríguez'),
(1499, 446, 'Parroquia', 'Guamo-Gavilanes'),
(1500, 448, 'Parroquia', 'La Concepción'),
(1501, 448, 'Parroquia', 'San José'),
(1502, 448, 'Parroquia', 'Mariano Parra León'),
(1503, 448, 'Parroquia', 'José Ramón Yépez'),
(1504, 449, 'Parroquia', 'Jesús María Semprún'),
(1505, 449, 'Parroquia', 'Barí'),
(1506, 450, 'Parroquia', 'Concepción'),
(1507, 450, 'Parroquia', 'Andrés Bello'),
(1508, 450, 'Parroquia', 'Chiquinquirá'),
(1509, 450, 'Parroquia', 'El Carmelo'),
(1510, 450, 'Parroquia', 'Potreritos'),
(1511, 451, 'Parroquia', 'Libertad'),
(1512, 451, 'Parroquia', 'Alonso de Ojeda'),
(1513, 451, 'Parroquia', 'Venezuela'),
(1514, 451, 'Parroquia', 'Eleazar López Contreras'),
(1515, 451, 'Parroquia', 'Campo Lara'),
(1516, 452, 'Parroquia', 'Bartolomé de las Casas'),
(1517, 452, 'Parroquia', 'Libertad'),
(1518, 452, 'Parroquia', 'Río Negro'),
(1519, 452, 'Parroquia', 'San José de Perijá'),
(1520, 453, 'Parroquia', 'San Rafael'),
(1521, 453, 'Parroquia', 'La Sierrita'),
(1522, 453, 'Parroquia', 'Las Parcelas'),
(1523, 453, 'Parroquia', 'Luis de Vicente'),
(1524, 453, 'Parroquia', 'Monseñor Marcos Sergio Godoy'),
(1525, 453, 'Parroquia', 'Ricaurte'),
(1526, 453, 'Parroquia', 'Tamare'),
(1527, 454, 'Parroquia', 'Antonio Borjas Romero'),
(1528, 454, 'Parroquia', 'Bolívar'),
(1529, 454, 'Parroquia', 'Cacique Mara'),
(1530, 454, 'Parroquia', 'Carracciolo Parra Pérez'),
(1531, 454, 'Parroquia', 'Cecilio Acosta'),
(1532, 454, 'Parroquia', 'Cristo de Aranza'),
(1533, 454, 'Parroquia', 'Coquivacoa'),
(1534, 454, 'Parroquia', 'Chiquinquirá'),
(1535, 454, 'Parroquia', 'Francisco Eugenio Bustamante'),
(1536, 454, 'Parroquia', 'Idelfonzo Vásquez'),
(1537, 454, 'Parroquia', 'Juana de Ávila'),
(1538, 454, 'Parroquia', 'Luis Hurtado Higuera'),
(1539, 454, 'Parroquia', 'Manuel Dagnino'),
(1540, 454, 'Parroquia', 'Olegario Villalobos'),
(1541, 454, 'Parroquia', 'Raúl Leoni'),
(1542, 454, 'Parroquia', 'Santa Lucía'),
(1543, 454, 'Parroquia', 'Venancio Pulgar'),
(1544, 454, 'Parroquia', 'San Isidro'),
(1545, 455, 'Parroquia', 'Altagracia'),
(1546, 455, 'Parroquia', 'Faría'),
(1547, 455, 'Parroquia', 'Ana María Campos'),
(1548, 455, 'Parroquia', 'San Antonio'),
(1549, 455, 'Parroquia', 'San José'),
(1550, 456, 'Parroquia', 'Donaldo García'),
(1551, 456, 'Parroquia', 'El Rosario'),
(1552, 456, 'Parroquia', 'Sixto Zambrano'),
(1553, 457, 'Parroquia', 'San Francisco'),
(1554, 457, 'Parroquia', 'El Bajo'),
(1555, 457, 'Parroquia', 'Domitila Flores'),
(1556, 457, 'Parroquia', 'Francisco Ochoa'),
(1557, 457, 'Parroquia', 'Los Cortijos'),
(1558, 457, 'Parroquia', 'Marcial Hernández'),
(1559, 458, 'Parroquia', 'Santa Rita'),
(1560, 458, 'Parroquia', 'El Mene'),
(1561, 458, 'Parroquia', 'Pedro Lucas Urribarrí'),
(1562, 458, 'Parroquia', 'José Cenobio Urribarrí'),
(1563, 459, 'Parroquia', 'Rafael Maria Baralt'),
(1564, 459, 'Parroquia', 'Manuel Manrique'),
(1565, 459, 'Parroquia', 'Rafael Urdaneta'),
(1566, 460, 'Parroquia', 'Bobures'),
(1567, 460, 'Parroquia', 'Gibraltar'),
(1568, 460, 'Parroquia', 'Heras'),
(1569, 460, 'Parroquia', 'Monseñor Arturo Álvarez'),
(1570, 460, 'Parroquia', 'Rómulo Gallegos'),
(1571, 460, 'Parroquia', 'El Batey'),
(1572, 461, 'Parroquia', 'Rafael Urdaneta'),
(1573, 461, 'Parroquia', 'La Victoria'),
(1574, 461, 'Parroquia', 'Raúl Cuenca'),
(1575, 447, 'Parroquia', 'Sinamaica'),
(1576, 447, 'Parroquia', 'Alta Guajira'),
(1577, 447, 'Parroquia', 'Elías Sánchez Rubio'),
(1578, 447, 'Parroquia', 'Guajira'),
(1579, 462, 'Parroquia', 'Altagracia'),
(1580, 462, 'Parroquia', 'Antímano'),
(1581, 462, 'Parroquia', 'Caricuao'),
(1582, 462, 'Parroquia', 'Catedral'),
(1583, 462, 'Parroquia', 'Coche'),
(1584, 462, 'Parroquia', 'El Junquito'),
(1585, 462, 'Parroquia', 'El Paraíso'),
(1586, 462, 'Parroquia', 'El Recreo'),
(1587, 462, 'Parroquia', 'El Valle'),
(1588, 462, 'Parroquia', 'La Candelaria'),
(1589, 462, 'Parroquia', 'La Pastora'),
(1590, 462, 'Parroquia', 'La Vega'),
(1591, 462, 'Parroquia', 'Macarao'),
(1592, 462, 'Parroquia', 'San Agustín'),
(1593, 462, 'Parroquia', 'San Bernardino'),
(1594, 462, 'Parroquia', 'San José'),
(1595, 462, 'Parroquia', 'San Juan'),
(1596, 462, 'Parroquia', 'San Pedro'),
(1597, 462, 'Parroquia', 'Santa Rosalía'),
(1598, 462, 'Parroquia', 'Santa Teresa'),
(1599, 462, 'Parroquia', 'Sucre (Catia)'),
(1600, 462, 'Parroquia', '23 de enero');

INSERT INTO PERSONA_NATURAL(Per_nombre, Per_direccion, Per_fecha_registro, Per_identificacion, Pen_segundo_nombre, Pen_primer_apellido, Pen_segundo_apellido, Pen_fecha_nac, Fk_lugar
) VALUES
('Luis', 'Calle 12', '2024-10-20', 'V-23340981', 'Haniel', 'Soto', 'Centeno', '2000-08-15', 467),
('Abraham', 'Calle 8', '2024-10-20', 'V-19667881', null, 'Granadillo', 'Gonzalez', '2000-07-11', 466),
('Rebeca', 'Calle Valdía', '2024-10-20', 'V-19797511', null, 'García', 'María', '2001-04-12', 473),
('Juan', 'Calle 10', '2024-10-20', 'V-20134567', 'Carlos', 'Ramirez', 'Lopez', '1995-04-15', 472),
('María', 'Calle Esperanza', '2024-10-20', 'V-22112345', 'Fernanda', 'Hernández', 'Torres', '1995-03-18', 490),
('Sofía', 'Avenida Central', '2024-10-20', 'V-21098765', 'Lucía', 'Pérez', 'Alvarado', '1996-04-22', 491),
('Andrés', 'Boulevard Norte', '2024-10-20', 'V-23234567', null, 'Martinez', 'Castro', '1996-09-02', 497),
('Camila', 'Callejón Sol', '2024-10-24', 'V-19876543', 'Isabel', 'Vargas', 'Rivas', '1995-04-12', 498),
('Miguel', 'Avenida Mayor', '2024-10-22', 'V-19012345', null, 'Rodríguez', 'Gómez', '1997-07-13', 563),
('Valeria', 'Calle Las Rosas', '2024-10-21', 'V-18456789', 'Andrea', 'Morales', 'González', '1997-07-13', 564),
('Michael', 'Angela Gateway', '2024-05-16', 'V-20950550', 'Bonnie', 'Hart', 'Cordova', '1997-07-13', 555),
('Melissa', 'William Shoals', '2024-03-16', 'V-28856647', 'Joy', 'Hopkins', 'Robles', '1998-08-14', 556),
('Charles', 'Charles Well', '2024-04-12', 'V-33527515', 'Cesar', 'Ortega', 'Fox', '1997-07-13', 595),
('Leonard', 'Chad Meadows', '2024-02-20', 'V-34784253', 'Carmen', 'Jones', 'Miller', '1999-11-09', 596),
('Amanda', 'Michelle Valley', '2024-09-28', 'V-33802017', 'Richard', 'Camacho', 'Alvarez', '1989-12-13', 597),
('Thomas', 'Regina Cape', '2024-05-30', 'V-24105420', 'Marc', 'Perez', 'Rivers', '1982-10-12', 592),
('Jenna', 'Bradford Forge', '2024-03-13', 'V-19938907', 'Jerry', 'Jimenez', 'Aguilar', '1983-01-04', 627),
('Brett', 'Powell Spurs', '2024-10-09', 'V-29971623', 'Scott', 'Burns', 'Cohen', '1989-01-03', 628),
('Michael', 'Walker Canyon', '2024-11-14', 'V-23827361', 'Crystal', 'Oconnell', 'Garcia', '1998-03-15', 629),
('Carlos', 'Avenida Siempreviva', '2024-10-26', 'V-23456789', 'Manuel', 'Perez', 'Jimenez', '1990-11-05', 630),
('Marta', 'Calle Luna', '2024-10-27', 'V-12345678', null, 'Rodriguez', 'Hernandez', '1985-06-20', 702),
('Elena', 'Calle Sol', '2024-10-28', 'V-21223344', 'Sofia', 'Martinez', 'Ruiz', '1993-01-15', 703),
('Pedro', 'Avenida Principal', '2024-10-29', 'V-22334455', null, 'Gomez', 'Alvarez', '1988-12-25', 704),
('Ana', 'Calle Real', '2024-10-30', 'V-33445566', 'Maria', 'Fernandez', 'Cordero', '1997-09-18', 705),
('Jorge', 'Calle Comercio', '2024-11-01', 'V-34556677', null, 'Diaz', 'Vargas', '1982-03-09', 734),
('Lucia', 'Avenida Central', '2024-11-02', 'V-25667788', 'Andrea', 'Morales', 'Ortiz', '1996-07-30', 735),
('Alberto', 'Calle Norte', '2024-11-03', 'V-26778899', null, 'Torres', 'Castro', '1990-02-02', 737),
('Patricia', 'Calle Sur', '2024-11-04', 'V-27819900', 'Elisa', 'Vega', 'Rojas', '1992-12-12', 738),
('Eduardo', 'Calle Este', '2024-11-05', 'V-28990011', null, 'Navarro', 'Mendoza', '1985-05-03', 759),
('Raquel', 'Calle Oeste', '2024-11-06', 'V-29001122', 'Isabel', 'Cabrera', 'Leon', '1994-08-17', 760),
('Santiago', 'Avenida Libertad', '2024-11-07', 'V-10111213', null, 'Campos', 'Mendez', '1987-04-25', 758),
('Isabel', 'Calle Victoria', '2024-11-08', 'V-11121314', 'Cecilia', 'Ortega', 'Ramos', '1998-06-14', 761),
('Fernando', 'Calle Olmo', '2024-11-09', 'V-12131415', null, 'Fuentes', 'Zamora', '1983-10-06', 777),
('Julia', 'Calle Fresno', '2024-11-10', 'V-13141516', 'Natalia', 'Barrios', 'Pineda', '1991-11-11', 778),
('Ricardo', 'Calle Cedro', '2024-11-11', 'V-14151617', null, 'Guerrero', 'Serrano', '1984-02-29', 779),
('Carolina', 'Avenida Norte', '2024-11-12', 'V-15161718', 'Rocio', 'Luna', 'Mejia', '1995-03-21', 780),
('Antonio', 'Calle Principal', '2024-11-13', 'V-16171819', null, 'Marquez', 'Delgado', '1986-07-31', 814),
('Laura', 'Calle Jardín', '2024-11-14', 'V-17181920', 'Gabriela', 'Paredes', 'Nieto', '1993-09-16', 815),
('Andrés', 'Calle Pinos', '2024-11-15', 'V-18192021', null, 'Palacios', 'Reyes', '1992-01-09', 816),
('Victor', 'Calle Robles', '2024-11-16', 'V-19202122', null, 'Salinas', 'Peña', '1990-04-28', 817),
('Natalia', 'Avenida Esperanza', '2024-11-17', 'V-20212223', 'Alejandra', 'Campos', 'Galindo', '1997-08-03', 883),
('Rodrigo', 'Calle Magnolia', '2024-11-18', 'V-21222324', null, 'Estrada', 'Moreno', '1985-12-19', 879),
('Silvia', 'Calle Tulipán', '2024-11-19', 'V-22232425', 'Luisa', 'Cardenas', 'Villalba', '1992-07-09', 880),
('Francisco', 'Calle Rosales', '2024-11-20', 'V-23242526', null, 'Carrillo', 'Lara', '1983-05-01', 881),
('Adriana', 'Avenida Flores', '2024-11-21', 'V-24252627', 'Monica', 'Coronel', 'Sandoval', '1991-10-22', 924),
('Emilio', 'Calle Azucenas', '2024-11-22', 'V-25262728', null, 'Arenas', 'Guzman', '1989-03-30', 925),
('Andrea', 'Calle Camelias', '2024-11-23', 'V-26272829', 'Isabel', 'Rios', 'Escobar', '1995-06-10', 926),
('Gabriel', 'Calle Cedros', '2024-11-24', 'V-27282930', null, 'Paz', 'Garcia', '1990-11-15', 927),
('Beatriz', 'Calle Los Alamos', '2024-11-25', 'V-28293031', 'Camila', 'Nunez', 'Saenz', '1988-02-07', 1013),
('Cristina', 'Calle Arces', '2024-11-26', 'V-29203132', null, 'Fierro', 'Romero', '1996-04-18', 1014),
('Miguel', 'Avenida del Parque', '2024-11-27', 'V-30313233', 'Ernesto', 'Villalobos', 'Oliva', '1993-08-06', 1008),
('Veronica', 'Calle Sauce', '2024-11-28', 'V-31323334', null, 'Flores', 'Barreto', '1991-09-12', 1009),
('Oscar', 'Calle Laurel', '2024-11-29', 'V-32333435', null, 'Quintero', 'Mendoza', '1992-01-04', 1081),
('Lorena', 'Calle Nogales', '2024-11-30', 'V-33343536', 'Cecilia', 'Alarcon', 'Vargas', '1986-12-27', 1084),
('Hector', 'Avenida del Sol', '2024-12-01', 'V-34353637', null, 'Serrano', 'Cruz', '1995-11-14', 1071),
('Daniela', 'Calle Almendros', '2024-12-02', 'V-35363738', 'Paola', 'Caceres', 'Fuentes', '1987-02-22', 1072),
('Raul', 'Calle Encinos', '2024-12-03', 'V-36373839', null, 'Blanco', 'Caro', '1989-10-19', 1139),
('Valeria', 'Calle Abedules', '2024-12-04', 'V-27383940', 'Mariana', 'Ramirez', 'Velazquez', '1994-05-13', 1140),
('Javier', 'Avenida de la Paz', '2024-12-05', 'V-28394041', null, 'Gil', 'Rojas', '1986-03-07', 1151),
('Camila', 'Avenida del Bosque', '2024-12-06', 'V-29404142', null, 'Garcia', 'Perez', '1990-08-25', 1152),
('Sergio', 'Calle del Lago', '2024-12-07', 'V-20414243', 'Ricardo', 'López', 'Martinez', '1985-12-17', 1175),
('Monica', 'Calle Pinos Altos', '2024-12-08', 'V-31424344', null, 'Ramos', 'Mendez', '1996-04-06', 1165),
('Diego', 'Calle Palma', '2024-12-09', 'V-32434445', 'Andres', 'Vidal', 'Hernandez', '1992-07-21', 1166),
('Elisa', 'Calle Jacarandas', '2024-12-10', 'V-33444546', null, 'Torres', 'Cruz', '1989-02-15', 1167),
('Ignacio', 'Avenida del Rio', '2024-12-11', 'V-24454647', 'Fernando', 'Vega', 'Quintana', '1991-09-11', 1188),
('Mariana', 'Calle Sauces', '2024-12-12', 'V-25464748', null, 'Reyes', 'Galindo', '1994-06-03', 1189),
('Luis', 'Calle Olivo', '2024-12-13', 'V-26474849', 'Manuel', 'Nava', 'Garcia', '1990-01-28', 1190),
('Sofia', 'Calle Rosales', '2024-12-14', 'V-27484950', null, 'Moreno', 'Flores', '1993-03-18', 1191),
('Alejandro', 'Avenida Central', '2024-12-15', 'V-28495051', 'Roberto', 'Fernandez', 'Rios', '1988-11-05', 1250),
('Paola', 'Calle Encinos', '2024-12-16', 'V-29505152', null, 'Ramirez', 'Diaz', '1985-05-29', 1251),
('Cesar', 'Calle Los Cedros', '2024-12-17', 'V-30515253', 'Jorge', 'Mendoza', 'Alvarado', '1996-04-14', 1258),
('Fernanda', 'Calle del Roble', '2024-12-18', 'V-31525354', null, 'Vargas', 'Lara', '1991-12-30', 1259),
('Eduardo', 'Avenida del Sol', '2024-12-19', 'V-22535455', 'Miguel', 'Barreto', 'Mendez', '1992-02-08', 1315),
('Patricia', 'Calle Jazmines', '2024-12-20', 'V-23545556', null, 'Escobar', 'Serrano', '1987-10-23', 1316),
('Arturo', 'Calle Laureles', '2024-12-21', 'V-24555657', 'Carlos', 'Zamora', 'Guzman', '1989-07-11', 1317),
('Victoria', 'Calle Cipres', '2024-12-22', 'V-25565758', null, 'Ortega', 'Caro', '1995-09-27', 1318),
('Esteban', 'Avenida Palma Real', '2024-12-23', 'V-26575859', 'Luis', 'Rojas', 'Reyes', '1994-05-15', 1417),
('Gloria', 'Calle Eucalipto', '2024-12-24', 'V-27585960', null, 'Marin', 'Paredes', '1986-11-04', 1418),
('Joaquin', 'Calle Nogal', '2024-12-25', 'V-28596061', 'Rafael', 'Cabrera', 'Romero', '1988-01-12', 1419),
('Renata', 'Calle Azahar', '2024-12-26', 'V-29606162', null, 'Hernandez', 'Lopez', '1995-06-07', 1420),
('Fabian', 'Avenida Primavera', '2024-12-27', 'V-30616263', 'Adrian', 'Cortez', 'Ramirez', '1990-03-23', 1443),
('Valentina', 'Calle Sauco', '2024-12-28', 'V-31626364', null, 'Chavez', 'Gonzalez', '1994-09-14', 1443),
('Matias', 'Calle Limonero', '2024-12-29', 'V-22636465', 'Raul', 'Montes', 'Ortega', '1988-12-11', 1444),
('Daniela', 'Calle Trébol', '2024-12-30', 'V-33646566', null, 'Acosta', 'Pineda', '1989-01-30', 1445),
('Hugo', 'Avenida Colibrí', '2024-12-31', 'V-24656667', 'Emilio', 'Palma', 'Villafañe', '1987-08-05', 1455),
('Alicia', 'Calle Caléndula', '2025-01-01', 'V-25666768', null, 'Guzman', 'Cordero', '1991-10-19', 1452),
('Emilia', 'Calle Lavanda', '2025-01-02', 'V-26676869', 'Lucia', 'Vega', 'Campos', '1993-02-03', 1452),
('Roberto', 'Avenida Coral', '2025-01-03', 'V-27686970', null, 'Fuentes', 'Hidalgo', '1992-04-12', 1455),
('Clara', 'Calle Mariposa', '2025-01-04', 'V-28697071', 'Camila', 'Guzman', 'Morales', '1986-11-28', 1535),
('Mario', 'Calle Fresno', '2025-01-05', 'V-29707172', null, 'Salazar', 'Delgado', '1990-06-24', 1536),
('Diana', 'Avenida Ceibo', '2025-01-06', 'V-30717273', 'Andrea', 'Mejia', 'Ruiz', '1995-07-09', 1536),
('Ricardo', 'Calle Jazmín', '2025-01-07', 'V-31727374', null, 'Ponce', 'Zambrano', '1991-08-21', 1537),
('Estela', 'Calle Laurel', '2025-01-08', 'V-32737475', 'Paula', 'Vidal', 'Galvan', '1994-05-18', 1585),
('Victor', 'Calle Arce', '2025-01-09', 'v-33747576', null, 'Aguilar', 'Ramirez', '1993-09-04', 1585),
('Luciana', 'Calle Ciprés', '2025-01-10', 'v-24757677', 'Fernanda', 'Ortega', 'Reyes', '1992-03-10', 1585),
('Javier', 'Calle Valparaiso', '2024-11-26', 'V-27661126', 'Lous', 'Pérez', 'Otto', '2000-10-24', 1585),
('Maria', 'Calle Primavera 5', '2024-11-25', 'v-11234567', 'Lucia', 'Perez', 'Martinez', '1985-02-15', 737),
('Jose', 'Av. Las Flores 13', '2024-11-15', 'v-12457896', 'Antonio', 'Gomez', 'Lopez', '1990-05-23', 550),
('Carla', 'Calle 9 Sur', '2024-11-12', 'v-28765432', 'Andrea', 'Mendoza', 'Rojas', '1992-07-02', 1585),
('Miguel', 'Calle Luna 33', '2024-11-10', 'v-11223344', 'Luis', 'Torres', 'Garcia', '1987-09-19', 467),
('Lucia', 'Av. Sol 24', '2024-10-30', 'v-29887766', 'Isabel', 'Fernandez', 'Ortiz', '1995-03-28', 466),
('Pedro', 'Calle Norte 18', '2024-11-01', 'v-22314455', 'Juan', 'Castro', 'Mejia', '1982-12-04', 737),
('Ana', 'Av. Central 4', '2024-11-18', 'v-31445566', null, 'Diaz', 'Morales', '1993-11-22', 737),
('Roberto', 'Calle Sur 27', '2024-11-14', 'v-26667788', 'Javier', 'Suarez', 'Vargas', '1989-08-13', 1585),
('Camila', 'Calle Nueva 10', '2024-10-20', 'v-27889900', 'Elena', 'Ramos', 'Peña', '1998-06-30', 467),
('Javier', 'Av. Mayor 2', '2024-10-29', 'v-21221133', 'Daniel', 'Cruz', 'Salas', '1991-01-05', 466),
('Sofia', 'Calle Esmeralda 15', '2024-11-27', 'v-24556677', null, 'Chavez', 'Padilla', '1988-03-18', 737),
('Juan', 'Av. Independencia 8', '2024-11-23', 'v-25668877', 'Carlos', 'Fuentes', 'Alvarado', '1984-10-11', 737),
('Isabella', 'Calle Diamante 14', '2024-11-15', 'v-26728899', 'Victoria', 'Hernandez', 'Flores', '1990-06-14', 1585),
('Diego', 'Av. Norte 21', '2024-11-08', 'v-27889911', 'Sebastian', 'Sanchez', 'Pardo', '1986-05-01', 467),
('Valeria', 'Calle Sur 7', '2024-11-18', 'v-28990022', 'Paola', 'Medina', 'Correa', '1997-12-27', 466),
('Carlos', 'Calle Oeste 3', '2024-11-06', 'v-29101122', 'Julian', 'Gutierrez', 'Velasquez', '1985-08-02', 737),
('Mariana', 'Av. Central 9', '2024-10-26', 'v-20011223', 'Adriana', 'Rivera', 'Jimenez', '1992-04-19', 737),
('Andres', 'Calle Norte 25', '2024-11-04', 'v-30121334', 'Fernando', 'Ortiz', 'Bermudez', '1983-11-10', 1585),
('Daniela', 'Av. Este 12', '2024-11-11', 'v-20232445', null, 'Vega', 'Santana', '1988-02-21', 737),
('Santiago', 'Calle Diamante 8', '2024-11-30', 'v-30343556', 'Eduardo', 'Moreno', 'Caceres', '1980-09-09', 466),
('Victoria', 'Calle 5 Norte', '2024-11-09', 'v-30454667', 'Gabriela', 'Rojas', 'Miranda', '1986-07-29', 600),
('Jorge', 'Calle Centro 2', '2024-11-05', 'v-30565778', 'Manuel', 'Ruiz', 'Escobar', '1993-03-03', 600),
('Laura', 'Av. Cristal 20', '2024-10-28', 'v-30676889', 'Natalia', 'Avila', 'Farias', '1990-05-15', 1585),
('Sebastian', 'Calle Oeste 30', '2024-11-03', 'v-20787990', null, 'Castillo', 'Lara', '1984-01-12', 467),
('Emily', 'Av. Las Palmas 6', '2024-11-24', 'v-20899001', 'Sofia', 'Pacheco', 'Morillo', '1991-06-07', 466),
('Fabian', 'Calle Sur 16', '2024-11-10', 'v-20910112', 'Nicolas', 'Salazar', 'Urbina', '1987-02-02', 614),
('Luisa', 'Av. Mayor 9', '2024-10-19', 'v-20111223', 'Julieta', 'Campos', 'Aguilar', '1995-10-25', 614),
('Adrian', 'Calle Sol 19', '2024-11-07', 'v-31222334', 'Andres', 'Acosta', 'Luna', '1989-07-19', 1585),
('Paula', 'Av. Norte 3', '2024-11-22', 'v-22333445', null, 'Serrano', 'Bustos', '1996-11-16', 467),
('Fernando', 'Calle Diamante 11', '2024-11-13', 'v-23444556', 'Ricardo', 'Cabrera', 'Rosales', '1990-04-30', 466),
('Esteban', 'Calle Principal 5', '2024-11-02', 'v-24555667', 'David', 'Lagos', 'Quintero', '1985-10-14', 759),
('Gabriela', 'Av. Central 13', '2024-11-17', 'v-25666778', 'Carmen', 'Velasco', 'Leon', '1982-03-11', 500),
('Cristina', 'Calle Sur 14', '2024-11-16', 'v-26777889', 'Sofia', 'Nieto', 'Montes', '1993-05-20', 1585),
('Manuel', 'Av. Este 17', '2024-10-11', 'v-27888990', null, 'Esquivel', 'Orozco', '1997-06-08', 467),
('Natalia', 'Calle Oeste 20', '2024-11-27', 'v-28999011', 'Mariana', 'Cuevas', 'Vega', '1988-08-05', 466),
('Oscar', 'Av. Norte 6', '2024-11-12', 'v-20000112', 'Pablo', 'Franco', 'Loaiza', '1990-02-10', 500),
('Martina', 'Calle 10 Este', '2024-11-20', 'v-21111223', 'Andrea', 'Solano', 'Farfan', '1995-04-13', 501),
('Eduardo', 'Calle Principal 21', '2024-11-06', 'v-22222334', 'Raul', 'Luna', 'Villalobos', '1984-12-26', 1585),
('Lorena', 'Av. Las Rosas 8', '2024-11-18', 'v-23333445', 'Tatiana', 'Reyes', 'Montoya', '1989-01-28', 467),
('Francisco', 'Calle Sur 18', '2024-11-09', 'v-24444556', 'Ivan', 'Barrios', 'Fajardo', '1986-09-16', 466),
('Ana', 'Calle Real', '2024-10-30', 'V-33440566', 'Maria', 'Fernandez', 'Cordero', '1997-09-18', 705),
('Juan', 'Calle Comercio', '2024-11-01', 'V-34506677', null, 'Diaz', 'Vargas', '1982-03-09', 734),
('Douglas', 'Avenida Central', '2024-11-02', 'V-25667780', 'Andrea', 'Morales', 'Ortiz', '1996-07-30', 735),
('Elias', 'Bennett Creek dr', '2024-12-24', 'V-26200096', 'David', 'Perez', 'Vilchez', '1998-04-25', 1541),
('Albert', 'Calle Norte', '2024-11-03', 'V-26771899', null, 'Torrente', 'Castro', '1990-02-02', 737),
('Patricia', 'Calle Sur', '2024-11-04', 'V-27219900', 'Elisa', 'Vegas', 'Rojas', '1992-12-12', 738),
('Eduardo', 'Calle Este', '2024-11-05', 'V-21090011', null, 'Navarros', 'Mendoza', '1985-05-03', 759),
('Rachel', 'Calle Oeste', '2024-11-06', 'V-27001122', 'Isabel', 'Cabrera', 'Leon', '1994-08-17', 760),
('Santi', 'Avenida Libertad', '2024-11-07', 'V-18811213', null, 'Campo', 'Mendez', '1987-04-25', 758),
('Isabela', 'Calle Victoria', '2024-11-08', 'V-17121314', 'Cecilia', 'Orto', 'Ramos', '1998-06-14', 761);

INSERT INTO PERSONA_JURIDICA(Per_nombre, Per_direccion, Per_fecha_registro, Per_identificacion, pej_pagina_web, Fk_lugar) VALUES
('Tech Solutions', 'Av. Principal 123', '2024-10-15', 'J-123456789', 'www.techsolutions.com', 466),
('Constructora Lara', 'Calle Bolívar 45', '2024-10-16', 'J-876543210', 'www.constructoralara.com', 467),
('Distribuidora Delta', 'Av. Libertador 789', '2024-10-17', 'J-456789012', 'www.deltadistribuidora.com', 490),
('Agropecuaria Los Andes', 'Calle Rural 34', '2024-10-18', 'J-987654321', 'www.agroandes.com', 491),
('Inversiones El Sol', 'Av. Las Flores 67', '2024-10-19', 'J-123498765', 'www.inversioneselsol.com', 563),
('Industria Metalúrgica Alfa', 'Zona Industrial 12', '2024-10-20', 'J-543216784', 'www.metalsalfa.com', 555),
('Comercial La Esperanza', 'Boulevard Esperanza', '2024-10-21', 'J-98765432', 'www.jorge.com', 595),
('Exportadora Caribe', 'Av. Marítima 98', '2024-10-22', 'J-234567890', 'www.exportcaribe.com', 595),
('Ferretería Central', 'Calle Comercio 56', '2024-10-23', 'J-654321098', 'www.ferrecentral.com', 627),
('Consultores Innovación', 'Av. Tecnológica 44', '2024-10-24', 'J-345678901', 'www.consultoresinnova.com', 628),
('Inversiones Globales', 'Av. Central 100', '2024-10-19', 'J-112233445', 'www.inversionesglobales.com', 702),
('Grupo Empresarial Omega', 'Calle Comercio 56', '2024-10-20', 'J-223344556', 'www.grupoomega.com', 703),
('Transportes Rápidos', 'Av. Transporte 78', '2024-10-21', 'J-334455667', 'www.transportesrapidos.com', 738),
('Editorial Pluma', 'Calle Letra 89', '2024-10-22', 'J-445566778', 'www.editorialpluma.com', 738),
('Industrias Sol', 'Av. Fábrica 90', '2024-10-23', 'J-556677889', 'www.industriassol.com', 759),
('Financieros Unidos', 'Calle Bolsa 12', '2024-10-24', 'J-667788990', 'www.financierosunidos.com', 760),
('Consultores Sigma', 'Av. Negocios 123', '2024-10-25', 'J-778899001', 'www.consultoresigma.com', 777),
('Eventos Premium', 'Calle Fiestas 34', '2024-10-26', 'J-889900112', 'www.eventospremium.com', 777),
('Marketing Digital XYZ', 'Av. Innovación 56', '2024-10-27', 'J-990011223', 'www.marketingxyz.com', 815),
('Hoteles Paradise', 'Calle Vacaciones 78', '2024-10-28', 'J-101112233', 'www.hotelesparadise.com', 815),
('Asesorías Expertas', 'Av. Consultoría 89', '2024-10-29', 'J-121314155', 'www.asesoriasexpertas.com', 880),
('Constructora Delta', 'Calle Desarrollo 90', '2024-10-30', 'J-131415266', 'www.constructoradelta.com', 881),
('Café del Mundo', 'Av. Aroma 12', '2024-10-31', 'J-141516377', 'www.cafedelmundo.com', 925),
('Tecnología Avanzada', 'Calle Chip 123', '2024-11-01', 'J-151617488', 'www.tecnologiaavanzada.com', 925),
('Moda Urbana', 'Av. Estilo 45', '2024-11-02', 'J-161718599', 'www.modaurbana.com', 1014),
('Restaurantes Gourmet', 'Calle Sabor 67', '2024-11-03', 'J-171819611', 'www.restaurantesgourmet.com', 1014),
('Servicios Eléctricos Alfa', 'Av. Luz 78', '2024-11-04', 'J-181920722', 'www.electricosalfa.com', 1071),
('Distribuciones Bravo', 'Calle Entrega 89', '2024-11-05', 'J-192021833', 'www.distribucionesbravo.com', 1071),
('Agencias Creativas', 'Av. Inspiración 90', '2024-11-06', 'J-202122944', 'www.agenciascreativas.com', 1133),
('Logística Integral', 'Calle Ruta 100', '2024-11-07', 'J-212223055', 'www.logisticaintegral.com', 1151),
('Servicios Médicos Omega', 'Av. Salud 101', '2024-11-08', 'J-222333444', 'www.serviciosmedicosomega.com', 1166),
('Comercializadora Andes', 'Calle Comercio 202', '2024-11-09', 'J-233344455', 'www.comercializadoraandes.com', 1167),
('Panadería La Espiga', 'Av. Trigo 303', '2024-11-10', 'J-244455566', 'www.panaderialaespiga.com', 1190),
('Distribuidora Gourmet', 'Calle Sabores 404', '2024-11-11', 'J-255566677', 'www.distribuidoragourmet.com', 1190),
('Academia Musical Allegro', 'Av. Melodía 505', '2024-11-12', 'J-266677788', 'www.academiaallegro.com', 1250),
('Constructora Horizonte', 'Calle Urbanización 606', '2024-11-13', 'J-277788899', 'www.constructorahorizonte.com', 1250),
('Electrodomésticos Nova', 'Av. Tecnología 707', '2024-11-14', 'J-288899900', 'www.electrodomesticosnova.com', 1316),
('Farmacia Vida', 'Calle Salud 808', '2024-11-15', 'J-299900011', 'www.farmaciavida.com', 1317),
('Corporación Verde', 'Av. Naturaleza 909', '2024-11-16', 'J-300011122', 'www.corporacionverde.com', 1419),
('Librería Central', 'Calle Cultura 1010', '2024-11-17', 'J-311122233', 'www.libreriacentral.com', 1419),
('Clínica Renacer', 'Av. Esperanza 1111', '2024-11-18', 'J-322233344', 'www.clinicarencer.com', 1444),
('Helados del Sol', 'Calle Frescura 1212', '2024-11-19', 'J-333344455', 'www.heladosdelsol.com', 1444),
('Seguros Alpha', 'Av. Protección 1313', '2024-11-20', 'J-344455566', 'www.segurosalpha.com', 1452),
('Editorial Horizonte', 'Calle Letras 1414', '2024-11-21', 'J-355566677', 'www.editorialhorizonte.com', 1455),
('Energía Renovable Delta', 'Av. Solar 1515', '2024-11-22', 'J-262677788', 'www.energíarenovabledelta.com', 1535),
('Viajes y Turismo Aurora', 'Calle Aventura 1616', '2024-11-23', 'J-217788899', 'www.viajesaurora.com', 1535),
('Grupo Empresarial Beta', 'Av. Innovación 1717', '2024-11-24', 'J-284399900', 'www.grupobeta.com', 1585),
('Tecnología Creativa', 'Calle Innovación 1818', '2024-11-25', 'J-299901311', 'www.tecnologiacreativa.com', 1585);

INSERT INTO CORREO_ELECTRONICO(Cor_direccion, Fk_persona_natural, Fk_persona_juridica) VALUES
('aadimluis2016@gmail.com', 1, null),
('juancarlos12@gmail.com', 2, null),
('inversionessol21@gmail.com', 3, null),
('miguelro2024@hotmail.com', 4, null),
('ferreteriacentral56@gmail.com', 5, null),
('valemora33@gmail.com', 6, null),
('camiisari@gmail.com', 7, null),
('agropelosandes@hotmail.com', 8, null),
('techsolu11@hotmail.com', 9, null),
('distdelta@gmail.com', 10, null),
('user11@gmail.com', 11, null),
('user12@hotmail.com', 12, null),
('user13@yahoo.com', 13, null),
('user14@gmail.com', 14, null),
('user15@outlook.com', 15, null),
('user16@gmail.com', 16, null),
('user17@yahoo.com', 17, null),
('user18@hotmail.com', 18, null),
('user19@gmail.com', 19, null),
('user20@outlook.com', 20, null),
('user21@gmail.com', 21, null),
('user22@yahoo.com', 22, null),
('user23@hotmail.com', 23, null),
('user24@gmail.com', 24, null),
('user25@outlook.com', 25, null),
('user26@gmail.com', 26, null),
('user27@yahoo.com', 27, null),
('user28@hotmail.com', 28, null),
('user29@gmail.com', 29, null),
('user30@outlook.com', 30, null),
('user31@gmail.com', 31, null),
('user32@yahoo.com', 32, null),
('user33@hotmail.com', 33, null),
('user34@gmail.com', 34, null),
('user35@outlook.com', 35, null),
('user36@gmail.com', 36, null),
('user37@yahoo.com', 37, null),
('user38@hotmail.com', 38, null),
('user39@gmail.com', 39, null),
('user40@outlook.com', 40, null),
('user41@gmail.com', 41, null),
('user42@yahoo.com', 42, null),
('user43@hotmail.com', 43, null),
('user44@gmail.com', 44, null),
('user45@outlook.com', 45, null),
('user46@gmail.com', 46, null),
('user47@yahoo.com', 47, null),
('user48@hotmail.com', 48, null),
('user49@gmail.com', 49, null),
('user50@outlook.com', 50, null),
('user51@gmail.com', 51, null),
('user52@yahoo.com', 52, null),
('user53@hotmail.com', 53, null),
('user54@gmail.com', 54, null),
('user55@outlook.com', 55, null),
('user56@gmail.com', 56, null),
('user57@yahoo.com', 57, null),
('user58@hotmail.com', 58, null),
('user59@gmail.com', 59, null),
('user60@outlook.com', 60, null),
('user61@gmail.com', 61, null),
('user62@yahoo.com', 62, null),
('user63@hotmail.com', 63, null),
('user64@gmail.com', 64, null),
('user65@outlook.com', 65, null),
('user66@gmail.com', 66, null),
('user67@yahoo.com', 67, null),
('user68@hotmail.com', 68, null),
('user69@gmail.com', 69, null),
('user70@outlook.com', 70, null),
('user71@gmail.com', 71, null),
('user72@yahoo.com', 72, null),
('user73@hotmail.com', 73, null),
('user74@gmail.com', 74, null),
('user75@outlook.com', 75, null),
('user76@gmail.com', 76, null),
('user77@yahoo.com', 77, null),
('user78@hotmail.com', 78, null),
('user79@gmail.com', 79, null),
('user80@outlook.com', 80, null),
('user81@gmail.com', 81, null),
('user82@yahoo.com', 82, null),
('user83@hotmail.com', 83, null),
('user84@gmail.com', 84, null),
('user85@outlook.com', 85, null),
('user86@gmail.com', 86, null),
('user87@yahoo.com', 87, null),
('user88@hotmail.com', 88, null),
('user89@gmail.com', 89, null),
('user90@outlook.com', 90, null),
('user91@gmail.com', 91, null),
('user92@yahoo.com', 92, null),
('user93@hotmail.com', 93, null),
('user94@gmail.com', 94, null),
('user95@outlook.com', 95, null),
('user96@gmail.com', 96, null),
('empleado97@hotmail.com', 97, null),
('empleado98@gmail.com', 98, null),
('empleado99@outlook.com', 99, null),
('empleado100@hotmail.com', 100, null),
('empleado101@gmail.com', 101, null),
('empleado102@outlook.com', 102, null),
('empleado103@hotmail.com', 103, null),
('empleado104@gmail.com', 104, null),
('empleado105@outlook.com', 105, null),
('empleado106@hotmail.com', 106, null),
('empleado107@gmail.com', 107, null),
('empleado108@outlook.com', 108, null),
('empleado109@hotmail.com', 109, null),
('empleado110@gmail.com', 110, null),
('empleado111@outlook.com', 111, null),
('empleado112@hotmail.com', 112, null),
('empleado113@gmail.com', 113, null),
('empleado114@outlook.com', 114, null),
('empleado115@hotmail.com', 115, null),
('empleado116@gmail.com', 116, null),
('empleado117@outlook.com', 117, null),
('empleado118@hotmail.com', 118, null),
('empleado119@gmail.com', 119, null),
('empleado120@outlook.com', 120, null),
('empleado121@hotmail.com', 121, null),
('empleado122@gmail.com', 122, null),
('empleado123@outlook.com', 123, null),
('empleado124@hotmail.com', 124, null),
('empleado125@gmail.com', 125, null),
('empleado126@outlook.com', 126, null),
('empleado127@hotmail.com', 127, null),
('empleado128@gmail.com', 128, null),
('empleado129@outlook.com', 129, null),
('empleado130@hotmail.com', 130, null),
('empleado131@gmail.com', 131, null),
('empleado132@outlook.com', 132, null),
('empleado133@hotmail.com', 133, null),
('empleado134@gmail.com', 134, null),
('empleado135@outlook.com', 135, null),
('empleado136@hotmail.com', 136, null),
('proveedor1@company.com', null, 1),
('proveedor2@hotmail.com', null, 2),
('proveedor3@gmail.com', null, 3),
('proveedor4@company.com', null, 4),
('proveedor5@hotmail.com', null, 5),
('proveedor6@gmail.com', null, 6),
('proveedor7@company.com', null, 7),
('proveedor8@hotmail.com', null, 8),
('proveedor9@gmail.com', null, 9),
('proveedor10@company.com', null, 10),
('proveedor11@hotmail.com', null, 11),
('proveedor12@gmail.com', null, 12),
('proveedor13@company.com', null, 13),
('proveedor14@hotmail.com', null, 14),
('proveedor15@gmail.com', null, 15),
('proveedor16@company.com', null, 16),
('proveedor17@hotmail.com', null, 17),
('proveedor18@gmail.com', null, 18),
('proveedor19@company.com', null, 19),
('proveedor20@hotmail.com', null, 20),
('proveedor21@gmail.com', null, 21),
('proveedor22@company.com', null, 22),
('proveedor23@hotmail.com', null, 23),
('proveedor24@gmail.com', null, 24),
('proveedor25@company.com', null, 25),
('proveedor26@hotmail.com', null, 26),
('proveedor27@gmail.com', null, 27),
('proveedor28@company.com', null, 28),
('proveedor29@hotmail.com', null, 29),
('proveedor30@gmail.com', null, 30),
('proveedor31@company.com', null, 31),
('proveedor32@hotmail.com', null, 32),
('proveedor33@gmail.com', null, 33),
('proveedor34@company.com', null, 34),
('proveedor35@hotmail.com', null, 35),
('proveedor36@gmail.com', null, 36),
('proveedor37@company.com', null, 37),
('proveedor38@hotmail.com', null, 38),
('proveedor39@gmail.com', null, 39),
('proveedor40@company.com', null, 40),
('proveedor41@hotmail.com', null, 41),
('proveedor42@gmail.com', null, 42),
('proveedor43@company.com', null, 43),
('proveedor44@hotmail.com', null, 44),
('proveedor45@gmail.com', null, 45),
('proveedor46@company.com', null, 46),
('proveedor47@hotmail.com', null, 47),
('proveedor48@gmail.com', null, 48),
('correo1@example.com', 137, null),
('correo2@example.com', 138, null),
('correo3@example.com', 139, null),
('davisitoelrey@hotmail.com', 140, null),
('correo5@example.com', 141, null),
('correo6@example.com', 142, null),
('correo7@example.com', 143, null),
('correo8@example.com', 144, null),
('correo9@example.com', 145, null),
('correo4@example.com', 146, null);

INSERT INTO TELEFONO(Tel_codigo_area, Tel_numero, Fk_persona_natural, Fk_persona_juridica) VALUES 
(58, 04143710261, 1, null),
(58, 04246543210, 2, NULL),
(58, 04127894561, 3, NULL),
(58, 02129876543, 4, NULL),
(58, 02121234567, 5, NULL),
(58, 02129871234, 6, NULL),
(58, 04244567890, 7, NULL),
(58, 02126549873, 8, NULL),
(58, 04143219876, 9, NULL),
(58, 04241136982, 10, NULL),
(58, 04129765432, 11, NULL),
(58, 04241234567, 12, NULL),
(58, 04127895461, 13, NULL),
(58, 04246567890, 14, NULL),
(58, 04143210987, 15, NULL),
(58, 04124687901, 16, NULL),
(58, 04247384920, 17, NULL),
(58, 04129283745, 18, NULL),
(58, 04248920374, 19, NULL),
(58, 04122345678, 20, NULL),
(58, 04241567892, 21, NULL),
(58, 04127654321, 22, NULL),
(58, 04129283756, 23, NULL),
(58, 04249812345, 24, NULL),
(58, 04123456789, 25, NULL),
(58, 04241234568, 26, NULL),
(58, 04123789456, 27, NULL),
(58, 04246543219, 28, NULL),
(58, 04128794560, 29, NULL),
(58, 04124567891, 30, NULL),
(58, 04247384921, 31, NULL),
(58, 04127895460, 32, NULL),
(58, 04248920373, 33, NULL),
(58, 04122345987, 34, NULL),
(58, 04241234987, 35, NULL),
(58, 04127654987, 36, NULL),
(58, 04246587690, 37, NULL),
(58, 04124587690, 38, NULL),
(58, 04247384922, 39, NULL),
(58, 04128795642, 40, NULL),
(58, 04123219876, 41, NULL),
(58, 04241567893, 42, NULL),
(58, 04122345988, 43, NULL),
(58, 04249834567, 44, NULL),
(58, 04123456790, 45, NULL),
(58, 04241234789, 46, NULL),
(58, 04127654322, 47, NULL),
(58, 04246587691, 48, NULL),
(58, 04123456791, 49, NULL),
(58, 04249834789, 50, NULL),
(58, 04143710262, 51, NULL),
(58, 04246543211, 52, NULL),
(58, 04127894562, 53, NULL),
(58, 02129876544, 54, NULL),
(58, 02121234568, 55, NULL),
(58, 02129871235, 56, NULL),
(58, 04244567891, 57, NULL),
(58, 02126549874, 58, NULL),
(58, 04143219877, 59, NULL),
(58, 04241136983, 60, NULL),
(58, 04129765433, 61, NULL),
(58, 04241234569, 62, NULL),
(58, 04127895462, 63, NULL),
(58, 04246567891, 64, NULL),
(58, 04143210988, 65, NULL),
(58, 04124687902, 66, NULL),
(58, 04247384923, 67, NULL),
(58, 04129283746, 68, NULL),
(58, 04248920375, 69, NULL),
(58, 04122345679, 70, NULL),
(58, 04240567893, 71, NULL),
(58, 04127654323, 72, NULL),
(58, 04129283757, 73, NULL),
(58, 04249812346, 74, NULL),
(58, 04123450790, 75, NULL),
(58, 04241274569, 76, NULL),
(58, 04123789457, 77, NULL),
(58, 04246543220, 78, NULL),
(58, 04128794561, 79, NULL),
(58, 04124567892, 80, NULL),
(58, 04247384924, 81, NULL),
(58, 04127895401, 82, NULL),
(58, 04248120374, 83, NULL),
(58, 04122645988, 84, NULL),
(58, 04241234988, 85, NULL),
(58, 04127654988, 86, NULL),
(58, 04246581691, 87, NULL),
(58, 04124587691, 88, NULL),
(58, 04241384923, 89, NULL),
(58, 04128795643, 90, NULL),
(58, 04123219877, 91, NULL),
(58, 04241567894, 92, NULL),
(58, 04122345989, 93, NULL),
(58, 04249834568, 94, NULL),
(58, 04123256791, 95, NULL),
(58, 04241234790, 96, NULL),
(58, 04149710261, 97, null),
(58, 04149710262, 98, null),
(58, 04149710263, 99, null),
(58, 04149710264, 100, null),
(58, 04149710265, 101, null),
(58, 04149710266, 102, null),
(58, 04149710267, 103, null),
(58, 04149710268, 104, null),
(58, 04149710269, 105, null),
(58, 04149710270, 106, null),
(58, 04149710271, 107, null),
(58, 04149710272, 108, null),
(58, 04149710273, 109, null),
(58, 04149710274, 110, null),
(58, 04149710275, 111, null),
(58, 04149710276, 112, null),
(58, 04149710277, 113, null),
(58, 04149710278, 114, null),
(58, 04149710279, 115, null),
(58, 04149710280, 116, null),
(58, 04149710281, 117, null),
(58, 04149710282, 118, null),
(58, 04149710283, 119, null),
(58, 04149710284, 120, null),
(58, 04149710285, 121, null),
(58, 04149710286, 122, null),
(58, 04149710287, 123, null),
(58, 04149710288, 124, null),
(58, 04149710289, 125, null),
(58, 04149710290, 126, null),
(58, 04149710291, 127, null),
(58, 04149710292, 128, null),
(58, 04149710293, 129, null),
(58, 04149710294, 130, null),
(58, 04149710295, 131, null),
(58, 04149710296, 132, null),
(58, 04149710297, 133, null),
(58, 04149710298, 134, null),
(58, 04149710299, 135, null),
(58, 04149710300, 136, null),
(58, 02121234501, NULL, 1),
(58, 02121234502, NULL, 2),
(58, 02121234503, NULL, 3),
(58, 02121234504, NULL, 4),
(58, 02121234505, NULL, 5),
(58, 02121234506, NULL, 6),
(58, 02121234507, NULL, 7),
(58, 02121234508, NULL, 8),
(58, 02121234509, NULL, 9),
(58, 02121234510, NULL, 10),
(58, 02121234511, NULL, 11),
(58, 02121234512, NULL, 12),
(58, 02121234513, NULL, 13),
(58, 02121234514, NULL, 14),
(58, 02121234515, NULL, 15),
(58, 02121234516, NULL, 16),
(58, 02121234517, NULL, 17),
(58, 02121234518, NULL, 18),
(58, 02121234519, NULL, 19),
(58, 02121234520, NULL, 20),
(58, 02121234521, NULL, 21),
(58, 02121234522, NULL, 22),
(58, 02121234523, NULL, 23),
(58, 02121234524, NULL, 24),
(58, 02121234525, NULL, 25),
(58, 02121234526, NULL, 26),
(58, 02121234527, NULL, 27),
(58, 02121234528, NULL, 28),
(58, 02121234529, NULL, 29),
(58, 02121234530, NULL, 30),
(58, 02121234531, NULL, 31),
(58, 02121234532, NULL, 32),
(58, 02121234533, NULL, 33),
(58, 02121234534, NULL, 34),
(58, 02121234535, NULL, 35),
(58, 02121234536, NULL, 36),
(58, 02121234537, NULL, 37),
(58, 02121234538, NULL, 38),
(58, 02121234539, NULL, 39),
(58, 02121234540, NULL, 40),
(58, 02121234541, NULL, 41),
(58, 02121234542, NULL, 42),
(58, 02121234543, NULL, 43),
(58, 02121234544, NULL, 44),
(58, 02121234545, NULL, 45),
(58, 02121234546, NULL, 46),
(58, 02121234547, NULL, 47),
(58, 02121234548, NULL, 48),
(58, 04149710301, 137, null),
(58, 04149710302, 138, null),
(58, 04149710303, 139, null),
(58, 04149710304, 140, null),
(58, 04149710305, 141, null),
(58, 04149710306, 142, null),
(58, 04149710307, 143, null),
(58, 04149710308, 144, null),
(58, 04149710309, 145, null),
(58, 04149710310, 146, null);

INSERT INTO CLIENTE (Cli_fecha_inicio_operaciones, Cli_monto_acreditado, Fk_persona_natural, Fk_persona_juridica) VALUES
('2024-01-01', 100000.00, 1, NULL),
('2024-02-01', 150000.00, 2, NULL),
('2024-03-01', 200000.00, 3, NULL),
('2024-04-01', 250000.00, 4, NULL),
('2024-05-01', 300000.00, 5, NULL),
('2024-06-01', 350000.00, 6, NULL),
('2024-07-01', 400000.00, 7, NULL),
('2024-08-01', 450000.00, 8, NULL),
('2024-09-01', 500000.00, 9, NULL),
('2024-10-01', 550000.00, 10, NULL),
('2024-11-01', 600000.00, 11, NULL),
('2024-12-01', 650000.00, 12, NULL),
('2025-01-01', 700000.00, 13, NULL),
('2025-02-01', 750000.00, 14, NULL),
('2025-03-01', 800000.00, 15, NULL),
('2025-04-01', 850000.00, 16, NULL),
('2025-05-01', 900000.00, 17, NULL),
('2025-06-01', 950000.00, 18, NULL),
('2025-07-01', 100000.00, 19, NULL),
('2025-08-01', 105000.00, 20, NULL),
('2025-09-01', 110000.00, 21, NULL),
('2025-10-01', 115000.00, 22, NULL),
('2025-11-01', 120000.00, 23, NULL),
('2025-12-01', 150000.00, 24, NULL),
('2026-01-01', 130000.00, 25, NULL),
('2026-02-01', 135000.00, 26, NULL),
('2026-03-01', 140000.00, 27, NULL),
('2026-04-01', 145000.00, 28, NULL),
('2026-05-01', 150000.00, 29, NULL),
('2026-06-01', 155000.00, 30, NULL),
('2026-07-01', 160000.00, 31, NULL),
('2026-08-01', 165000.00, 32, NULL),
('2026-09-01', 170000.00, 33, NULL),
('2026-10-01', 175000.00, 34, NULL),
('2026-11-01', 180000.00, 35, NULL),
('2026-12-01', 185000.00, 36, NULL),
('2027-01-01', 190000.00, 37, NULL),
('2027-02-01', 195000.00, 38, NULL),
('2027-03-01', 200000.00, 39, NULL),
('2027-04-01', 205000.00, 40, NULL),
('2027-05-01', 210000.00, 41, NULL),
('2027-06-01', 215000.00, 42, NULL),
('2027-07-01', 220000.00, 43, NULL),
('2027-08-01', 225000.00, 44, NULL),
('2027-09-01', 230000.00, 45, NULL),
('2027-10-01', 235000.00, 46, NULL),
('2027-11-01', 240000.00, 47, NULL),
('2027-12-01', 245000.00, 48, NULL),
('2028-01-01', 250000.00, 49, NULL),
('2028-02-01', 255000.00, 50, NULL),
('2028-03-01', 260000.00, 51, NULL),
('2028-04-01', 265000.00, 52, NULL),
('2028-05-01', 270000.00, 53, NULL),
('2028-06-01', 275000.00, 54, NULL),
('2028-07-01', 280000.00, 55, NULL),
('2028-08-01', 285000.00, 56, NULL),
('2028-09-01', 290000.00, 57, NULL),
('2028-10-01', 295000.00, 58, NULL),
('2028-11-01', 300000.00, 59, NULL),
('2028-12-01', 305000.00, 60, NULL),
('2029-01-01', 310000.00, 61, NULL),
('2029-02-01', 315000.00, 62, NULL),
('2029-03-01', 320000.00, 63, NULL),
('2029-04-01', 325000.00, 64, NULL),
('2029-05-01', 330000.00, 65, NULL),
('2029-06-01', 335000.00, 66, NULL),
('2029-07-01', 340000.00, 67, NULL),
('2029-08-01', 345000.00, 68, NULL),
('2029-09-01', 350000.00, 69, NULL),
('2029-10-01', 355000.00, 70, NULL),
('2029-11-01', 360000.00, 71, NULL),
('2029-12-01', 365000.00, 72, NULL),
('2030-01-01', 370000.00, 73, NULL),
('2030-02-01', 375000.00, 74, NULL),
('2030-03-01', 380000.00, 75, NULL),
('2030-04-01', 385000.00, 76, NULL),
('2030-05-01', 390000.00, 77, NULL),
('2030-06-01', 395000.00, 78, NULL),
('2030-07-01', 400000.00, 79, NULL),
('2030-08-01', 405000.00, 80, NULL),
('2030-09-01', 410000.00, 81, NULL),
('2030-10-01', 415000.00, 82, NULL),
('2030-11-01', 420000.00, 83, NULL),
('2030-12-01', 425000.00, 84, NULL),
('2031-01-01', 430000.00, 85, NULL),
('2031-02-01', 435000.00, 86, NULL),
('2031-03-01', 440000.00, 87, NULL),
('2031-04-01', 445000.00, 88, NULL),
('2031-05-01', 450000.00, 89, NULL),
('2031-06-01', 455000.00, 90, NULL),
('2031-07-01', 460000.00, 91, NULL),
('2031-08-01', 465000.00, 92, NULL),
('2031-09-01', 470000.00, 93, NULL),
('2031-10-01', 475000.00, 94, NULL),
('2031-11-01', 480000.00, 95, NULL),
('2031-12-01', 485000.00, 96, NULL);

INSERT INTO EMPLEADO (Emp_exp_profesional, Emp_titulacion, Fk_persona_natural) VALUES
(5, 'Ingeniero Aeronáutico', 97),
(10, 'Mecanico general', 98),
(7, 'Mecánico de Avión', 99),
(3, 'Técnico en Electrónica', 100),
(15, 'Director de Operaciones', 101),
(8, 'Ingeniero en Sistemas', 102),
(12, 'Especialista en Seguridad Aérea', 103),
(6, 'Controlador de Tráfico Aéreo', 104),
(11, 'Gerente de Mantenimiento', 105),
(4, 'Analista de Datos de Vuelo', 106),
(5, 'Ingeniero Aeronáutico', 107),
(10, 'Piloto Comercial', 108),
(7, 'Mecánico de Avión', 109),
(3, 'Técnico en Electrónica', 110),
(8, 'Ingeniero en Sistemas', 111),
(12, 'Especialista en Seguridad Aérea', 112),
(6, 'Controlador de Tráfico Aéreo', 113),
(11, 'Gerente de Mantenimiento', 114),
(4, 'Analista de Datos de Vuelo', 115),
(9, 'Especialista en Motores de Aviación', 116),
(10, 'Supervisor de Operaciones de Vuelo', 117),
(8, 'Ingeniero en Telecomunicaciones', 118),
(7, 'Especialista en Aerodinámica', 119),
(6, 'Técnico en Radar y Comunicaciones', 120),
(5, 'Diseñador de Sistemas de Navegación', 121),
(10, 'Consultor en Seguridad de Vuelo', 122),
(4, 'Técnico en Mantenimiento de Aeronaves', 123),
(9, 'Ingeniero en Propulsión', 124),
(6, 'Coordinador de Logística Aérea', 125),
(12, 'Director de Seguridad Operacional', 126),
(7, 'Piloto de Pruebas', 127),
(11, 'Especialista en Sistemas Electrónicos', 128),
(5, 'Gerente de Planificación de Vuelo', 129),
(9, 'Técnico en Gestión de Aeropuertos', 130),
(6, 'Especialista en Drones y UAV', 131),
(7, 'Instructor de Vuelo', 132),
(8, 'Ingeniero en Aviónica', 133),
(10, 'Analista de Riesgos Aéreos', 134),
(12, 'Gerente de Proyectos de Aviación', 135),
(11, 'Inspector de Seguridad Aérea', 136);

INSERT INTO CARGO (Car_nombre, Car_descripcion) VALUES
('Diseño', 'Responsable del diseño de componentes y sistemas de aviones.'),
('Técnico de Mantenimiento', 'Encargado del mantenimiento y reparación de maquinaria y equipos.'),
('Supervisor de Producción', 'Supervisa las actividades de producción y asegura el cumplimiento de los estándares.'),
('Operador de Maquinaria', 'Opera maquinaria especializada en la fabricación de componentes de aviones.'),
('Inspector de Calidad', 'Realiza inspecciones para asegurar la calidad de los productos y procesos.'),
('Gerente de Planta', 'Gestiona las operaciones diarias de la planta de ensamblaje.'),
('Especialista en Materiales', 'Selecciona y prueba materiales utilizados en la fabricación de aviones.'),
('Analista de Procesos', 'Analiza y optimiza los procesos de producción.'),
('Coordinador de Logística', 'Coordina el transporte y almacenamiento de materiales y productos.'),
('Ingeniero de Pruebas', 'Realiza pruebas y evaluaciones de componentes y sistemas de aviones.'),
('Técnico de Ensamblaje', 'Ensamblaje de componentes y sistemas de aviones.'),
('Gerente de Proyectos', 'Gestiona proyectos de desarrollo y fabricación de aviones.'),
('Especialista en Seguridad', 'Asegura el cumplimiento de las normas de seguridad en la planta.'),
('Diseñador de Herramientas', 'Diseña herramientas y equipos utilizados en la fabricación de aviones.'),
('Planificador de Producción', 'Planifica y programa las actividades de producción.'),
('Técnico de Pruebas', 'Realiza pruebas funcionales y de rendimiento de componentes.'),
('Soldador', 'Realiza soldaduras en componentes y estructuras de aviones.'),
('Gerente de Calidad', 'Gestiona el sistema de calidad y asegura el cumplimiento de los estándares.'),
('Especialista en Aerodinámica', 'Analiza y optimiza el rendimiento aerodinámico de los aviones.'),
('Coordinador de Seguridad', 'Coordina las actividades de seguridad y salud ocupacional en la planta.');

INSERT INTO EMPLEADO_CARGO (Emc_fecha_inicio_cargo, Emc_fecha_final_cargo, Emc_sueldo, Fk_empleado, Fk_cargo) VALUES
('2024-12-01', NULL, 5000.00, 1, 6),
('2024-12-01', NULL, 5500.00, 2, 6),
('2024-12-02', NULL, 6000.00, 3, 6),
('2024-12-02', NULL, 6500.00, 4, 6),
('2024-12-03', NULL, 7000.00, 5, 6),
('2024-12-03', NULL, 7500.00, 6, 6),
('2024-12-04', NULL, 8000.00, 7, 6),
('2024-12-04', NULL, 8500.00, 8, 6),
('2024-12-05', NULL, 9000.00, 9, 6),
('2024-12-05', NULL, 9500.00, 10, 6),
('2024-12-06', NULL, 10000.00, 11, 6),
('2024-12-06', NULL, 10500.00, 12, 6),
('2024-12-07', NULL, 11000.00, 13, 6),
('2024-12-07', NULL, 11500.00, 14, 6),
('2024-12-08', NULL, 12000.00, 15, 6),
('2024-12-08', NULL, 12500.00, 16, 6),
('2024-12-09', NULL, 13000.00, 17, 6),
('2024-12-09', NULL, 13500.00, 18, 6),
('2024-12-10', NULL, 14000.00, 19, 6),
('2024-12-10', NULL, 14500.00, 20, 6),
('2024-12-11', NULL, 15000.00, 21, 6),
('2024-12-11', NULL, 15500.00, 22, 6),
('2024-12-12', NULL, 16000.00, 23, 1),
('2024-12-12', NULL, 16500.00, 24, 2),
('2024-12-13', NULL, 17000.00, 25, 4),
('2024-12-13', NULL, 17500.00, 26, 3),
('2024-12-14', NULL, 18000.00, 27, 5),
('2024-12-14', NULL, 18500.00, 28, 19),
('2024-12-15', NULL, 19000.00, 29, 7),
('2024-12-15', NULL, 19500.00, 30, 8),
('2024-12-16', NULL, 20000.00, 31, 10),
('2024-12-16', NULL, 20500.00, 32, 9),
('2024-12-17', NULL, 21000.00, 33, 11),
('2024-12-17', NULL, 21500.00, 34, 12),
('2024-12-18', NULL, 22000.00, 35, 13),
('2024-12-18', NULL, 22500.00, 36, 14),
('2024-12-19', NULL, 23000.00, 37, 15),
('2024-12-19', NULL, 23500.00, 38, 16),
('2024-12-20', NULL, 24000.00, 39, 17),
('2024-12-20', NULL, 24500.00, 40, 18);

INSERT INTO RED_SOCIAL (Res_nombre, Res_descripcion, fk_empleado) VALUES
('https://www.linkedin.com/in/ingeniero-aeronautico107', 'Perfil profesional en LinkedIn', 1),
('https://www.linkedin.com/in/piloto-comercial108', 'Perfil profesional en LinkedIn', 2),
('https://www.linkedin.com/in/mecanico-avion109', 'Perfil técnico en mecánica aeronáutica', 3),
('https://twitter.com/tecnico-electronica110', 'Cuenta de Twitter sobre electrónica aplicada', 4),
('https://www.linkedin.com/in/ingeniero-sistemas111', 'Perfil especializado en sistemas aeronáuticos', 5),
('https://www.linkedin.com/in/seguridad-aerea112', 'Red profesional en seguridad aérea', 6),
('https://twitter.com/controlador-aereo113', 'Perfil de Twitter sobre control de tráfico aéreo', 7),
('https://facebook.com/gerente-mantenimiento114', 'Perfil de Facebook sobre gestión de mantenimiento', 8),
('https://instagram.com/analista-datos-vuelo115', 'Cuenta de Instagram para análisis de datos de vuelo', 9),
('https://www.linkedin.com/in/especialista-motores116', 'Perfil profesional en motores de aviación', 10);

INSERT INTO TIPO_MAQUINARIA (Tim_nombre) VALUES 
('Taladro CNC'),
('Fresadora CNC'),
('Cortadora láser'),
('Prensa hidráulica'),
('Soldadora TIG'),
('Montacargas'),
('Torno CNC'),
('Máquina de electroerosión'),
('Máquina de moldeo por inyección'),
('Equipo de inspección de rayos X');

INSERT INTO MAQUINARIA (Maq_modelo, Maq_descripcion, Fk_tipo_maquinaria) VALUES 
('Taladro Pro MK14', 'Taladro CNC de alta precisión', 1),
('Fresadora Max P1T', 'Fresadora CNC para metales', 2),
('Cortadora Laser 3000 MJ3', 'Cortadora láser industrial', 3),
('Prensa Hydra YK22', 'Prensa hidráulica de gran capacidad', 4),
('Soldadora TIG Ultra U2', 'Soldadora TIG para metales', 5),
('Montacargas Heavy H12', 'Montacargas de alta resistencia', 6),
('Torno ProTurn PT55', 'Torno CNC para metales', 7),
('Electroerosión Elite EL12', 'Máquina de electroerosión por hilo', 8),
('Moldeadora InjectPro 12K', 'Máquina de moldeo por inyección de plástico', 9),
('Inspección X-Ray X35', 'Equipo de inspección de rayos X para metales', 10),
('Taladro Pro MK22', 'Taladro CNC de alta precisión', 1),
('Fresadora Max P2T', 'Fresadora CNC para metales', 2),
('Cortadora Laser 3000 JM3', 'Cortadora láser industrial', 3),
('Prensa Hydra YK22', 'Prensa hidráulica de gran capacidad', 4),
('Soldadora TIG Ultra U2', 'Soldadora TIG para metales', 5),
('Montacargas Heavy H13', 'Montacargas de alta resistencia', 6),
('Torno ProTurn PT55', 'Torno CNC para metales', 7),
('Electroerosión Elite EL12', 'Máquina de electroerosión por hilo', 8),
('Moldeadora InjectPro 10K', 'Máquina de moldeo por inyección de plástico', 9),
('Inspección X-Ray X34', 'Equipo de inspección de rayos X para metales', 10);

INSERT INTO UNIDAD_MEDIDA (Unm_nombre, Unm_alias) VALUES 
('Unidades', 'u'),
('Centímetro', 'cm'),
('Metro', 'm'),
('Grado', '°'),
('Kilogramo', 'kg'),
('Metro cúbico', 'm³'),
('Mach', 'Mach'),
('Milla náutica', 'nmi'),
('Litro', 'l'),
('Kilonewton', 'kN'),
('Newton', 'N'),
('Hora', 'h'),
('Kilómetro por hora', 'Km/h'),
('Kilómetro', 'Km'),
('Metro cuadrado', 'm²'),
('Metro por segundo', 'm/s');

INSERT INTO MODELO_AVION (Moa_nombre, Moa_descripcion, Moa_longitud, Moa_envergadura, Moa_altura, Moa_peso_vacio) VALUES
('AU-80', 'Diseñado para rutas transcontinentales.', 44.1, 39.9, 12.9, 55580),
('AU-801', 'Aeronave trimotor comercial de tamaño medio', 46.7, 32.9, 10.4, 46700),
('AU-802', 'Avión de reacción de pasajeros de fuselaje estrecho de corto a medio alcance.', 28.6, 28.3, 11.3, 28120),
('AU-802A', 'Avión de reacción de pasajeros de fuselaje estrecho de medio alcance.', 36.5, 28.9, 11.1, 33200),
('AU-802B', 'Avión de reacción de pasajeros de fuselaje de corto a medio alcance', 31.1, 38.9, 11.1, 31300),
('AU-802C', 'Avión comercial transcontinental de fuselaje ancho conocido por su impresionante tamaño', 31.2, 35.7, 12.6, 36380),
('AU-802D', 'Avión con versión avanzada con motores JT3D, diseñado para aumentar la capacidad de combustible y alcance.', 33.6, 35.7, 12.5, 38150),
('AU-802E', 'Adaptado para operaciones de altura, equipado con turborreactores JT4A y capacidad para 185 pasajeros.', 39.5, 35.7, 12.5, 41415),
('AU-802F', 'Avión de reacción de pasajeros de fuselaje de Largo alcance', 42.1, 35.7, 12.5, 44675),
('AU-747Plus', 'Avión comercial transcontinental de fuselaje ancho conocido por su impresionante tamaño.', 70.66, 59.64, 19.3, 162400),
('AU-747Platinium', 'Desarrollado para vuelos transoceánicos, equipado con motores JT3C, optimizado para eficiencia de combustible.', 70.66, 59.64, 19.3, 174000),
('AU-747Gold', 'Avión mejorado para mayor durabilidad y alcance.', 70.66, 59.64, 19.3, 178100),
('AU-747Silver', 'Avión mejorado para mayor durabilidad y alcance.', 70.66, 64.4, 19.4, 178750),
('AU-747SilverB', 'Avión mejorado para mayor durabilidad y alcance.', 76.4, 68.5, 19.4, 186000);

INSERT INTO AVION (Avi_matricula, Avi_fecha_fabricacion, Fk_modelo_avion) VALUES
('SKY-001', '2024-11-17', 1),
('JET-STAR', '2024-12-20', 2),
('FLY-HIGH', '2024-12-25', 3),
('CLOUD9', '2024-12-31', 4),
('AIR-DRAGON', '2024-12-18', 5),
('EAGLE1', '2024-12-15', 6),
('WINGSUP', '2024-12-20', 7),
('SOAR-777', '2024-12-15', 8),
('SKYHAWK', '2024-12-30', 9),
('STORM-X', '2024-12-30', 10),
('SKY-002', '2024-12-16', 11),
('JET-STAR_X', '2024-12-21', 12),
('FLY-HIGH_Y', '2024-12-10', 13),
('CLOUD10', '2024-12-31', 14),
('AIR-DRAGON-DOS', '2024-12-18', 1),
('EAGLE2', '2024-12-15', 2),
('WINGSUP_W', '2024-12-20', 3),
('SOAR-888', '2024-12-15', 4),
('SKYHAWK_X', '2024-12-31', 5),
('STORM-Y', '2024-12-29', 6);

INSERT INTO SEDE (Sed_nombre, Sed_direccion, Fk_lugar) VALUES
('Sede Central', 'Av. Principal', 1444),
('Fábrica Valencia', 'Zona Industrial Sur', 751),
('Planta Maracay', 'Sector Los Tacariguas, Maracay', 571),
('Planta Guatire', 'Parque Industrial Guatire', 1116),
('Planta Colón', 'Complejo Aeronáutico', 1491);

INSERT INTO TIPO_PLANTA (Tip_nombre_tipo) VALUES
('Planta de Ensamblaje'),
('Planta de Fabricación'),
('Planta de Pruebas'),
('Planta de Mantenimiento'),
('Planta de Almacenamiento'),
('Planta de Diseño'),
('Planta de Pintura'),
('Planta de Investigación y Desarrollo'),
('Planta de Logística'),
('Planta de Desmontaje'),
('Planta de Recepcion de Materiales');

INSERT INTO PLANTA (Pla_nombre, Fk_tipo_planta, Fk_sede) VALUES
('Recepción de materiales', 11, 1),
('Fabricación de grupos motopropulsores', 2, 1),
('Pruebas de calidad', 3, 1),
('Fabricación de elementos internos', 2, 2),
('Fabricación de cabinas', 2, 2),
('Fabricación de alas', 2, 3),
('Fabricación de superficies de sustentación', 2, 3),
('Fabricación de alerones', 2, 3),
('Fabricación de flaps', 2, 3),
('Fabricación de spoilers', 2, 3),
('Fabricación de slats y estabilizadores', 2, 3),
('Pruebas de calidad de materiales', 3, 3),
('Ensamble de alas', 1, 3),
('Ensamble de superficies de sustentación', 1, 3),
('Ensamble de alerones', 1, 3),
('Ensamble de flaps', 1, 3),
('Ensamble de spoilers', 1, 3),
('Ensamble de slats y estabilizadores', 1, 3),
('Fabricación de instrumentos de control', 2, 4),
('Ensamble de componentes de control', 2, 4),
('Fabricación de fuselajes', 2, 5),
('Fabricación de trenes de aterrizaje', 2, 5);

INSERT INTO AREA (Are_nombre, Fk_planta) VALUES
('Área de Recepción', 1),
('Área de Fabricación G-M1', 2),
('Área de Pruebas A1', 3),
('Área de Pruebas A2', 3),
('Área de Fabricacion C-1', 5),
('Área de Fabricacion E-I1', 4),
('Área de Fabricación A-1', 6),
('Área de Fabricación S-S1', 7),
('Área de Fabricación A-A1', 8),
('Área de Fabricación F-1', 9),
('Área de Fabricación S-A1 ', 10),
('Área de Fabricación S-E1', 11),
('Área de Fabricación S-E2', 11),
('Área de Pruebas C1', 12),
('Área de Pruebas C2', 12),
('Área de Ensamblaje A-1', 13),
('Área de Ensamblaje S-S1', 14),
('Área de Ensamblaje A-A1', 15),
('Área de Ensamblaje F-1', 16),
('Área de Ensamblaje S-A1', 17),
('Área de Ensamblaje S-E1', 18),
('Área de Ensamblaje S-E2', 18),
('Área de Ensamblaje S-E3', 18),
('Área de Fabricación I-C1', 19),
('Área de Ensamblaje C-C1', 20),
('Área de Fabricación T-A1', 22),
('Área de Fabricación F-1', 21);

INSERT INTO ZONA (Zon_nombre, Zon_actividad_principal, Fk_area, Fk_empleado_supervisor) VALUES
('Zona Alpha', 'Recepcion', 1, 1),
('Zona Bravo', 'Modelo de Piezas', 2, 2),
('Zona Charlie', 'Pruebas Aerodinámicas', 3, 3),
('Zona Delta', 'Pruebas Finales', 4, 4),
('Zona EFox', 'Fabricacion y montaje', 5, 5),
('Zona FoxEcho', 'Montaje Inicial', 6, 6),
('Zona GolfH', 'Ensamble de Piezas', 7, 7),
('Zona HotelG', 'Fabricacion', 8, 8),
('Zona IndiaSig', 'Gestión de piezas', 9, 9),
('Zona OmegaBeta', 'Montaje', 10, 10),
('Zona KZppa', 'Fabricacion', 11, 11),
('Zona EpsilonRho', 'Fabricacion', 12, 12),
('Zona AlphaZ', 'Fabricacion', 13, 13),
('Zona Golf', 'Pruebas generales', 14, 14),
('Zona Hotel', 'Pruebas generales', 15, 15),
('Zona India', 'Gestión de piezas', 16, 16),
('Zona Gamma', 'Montaje Inicial', 17, 17),
('Zona Omega', 'Ensamble de Piezas', 18, 18),
('Zona Theta', 'Ensamble de Piezas', 19, 19),
('Zona Sigma', 'Ensamble de Componentes', 20, 20),
('Zona Epsilon', 'Ensamble de Componentes', 21, 21),
('Zona Pi', 'Ensamble de Componentes', 22, 22);

--TODO: REVISAR
INSERT INTO FASE_CONFIGURACION (Fac_nombre, Fac_descripcion, Fac_duracion, Fk_modelo_avion, Fk_zona) VALUES
('Diseño Inicial', 'Creación del diseño preliminar del avión', 30, 1, 1),
('Pruebas Aerodinámicas', 'Realización de pruebas en túneles de viento', 45, 1, 3),
('Desarrollo del Motor', 'Desarrollo y pruebas del sistema de propulsión', 60, 2, 8),
('Fabricación de Prototipos', 'Construcción de los primeros prototipos', 90, 2, 2),
('Pruebas de Vuelo Iniciales', 'Pruebas de vuelo para validar el diseño', 120, 3, 3),
('Optimización de Estructuras', 'Mejora de las estructuras para reducir peso', 40, 3, 6),
('Integración de Sistemas', 'Integración de todos los sistemas del avión', 50, 4, 14),
('Certificación de Seguridad', 'Obtención de la certificación de seguridad', 70, 4, 8),
('Pruebas de Rendimiento', 'Evaluación del rendimiento bajo diferentes condiciones', 80, 5, 4),
('Producción en Serie', 'Inicio de la producción en masa del modelo', 100, 5, 11);

INSERT INTO FASE_EJECUCION (Fae_fecha_inicio, Fae_fecha_fin_estimada, Fae_fecha_fin_real, Fk_avion) VALUES
('2024-01-01', '2024-11-16', '2024-11-17', 1),
('2024-02-01', '2024-12-20', '2024-12-20', 2),
('2024-04-01', '2024-12-25', '2024-12-25', 3),
('2024-06-01', '2024-12-30', '2024-12-31', 4),
('2024-09-01', '2024-12-18', '2024-12-18', 5),
('2025-02-01', '2024-12-15', '2024-12-15', 6),
('2025-04-01', '2024-12-20', '2024-12-20', 7),
('2025-06-01', '2024-12-15', '2024-12-15', 8),
('2025-09-01', '2024-12-30', '2024-12-30', 9),
('2025-12-01', '2024-12-30', '2024-12-30', 10),
('2024-03-01', '2024-12-16', '2024-12-16', 11),
('2024-05-01', '2024-12-21', '2024-12-21', 12),
('2024-07-01', '2024-12-02', '2024-12-10', 13),
('2024-08-01', '2024-12-30', '2024-12-31', 14),
('2024-09-01', '2024-12-18', '2024-12-18', 15),
('2025-02-01', '2024-12-15', '2024-12-15', 16),
('2025-04-01', '2024-12-20', '2024-12-20', 17),
('2025-06-01', '2024-12-15', '2024-12-15', 18),
('2025-09-01', '2024-12-30', '2024-12-31', 19),
('2025-12-01', '2024-12-29', '2024-12-29', 20);

INSERT INTO ASIGNACION_MAQUINARIA (Fk_fase_ejecucion, Fk_maquinaria) VALUES
(1, 1),
(1, 2),
(1, 3),
(1, 4),
(2, 5),
(2, 6),
(2, 7),
(2, 8),
(3, 9),
(3, 10),
(3, 1),
(3, 2),
(4, 3),
(4, 4),
(4, 5),
(4, 6),
(5, 7),
(5, 8),
(5, 9),
(5, 10),
(6, 1),
(6, 2),
(6, 3),
(6, 4),
(7, 5),
(7, 6),
(7, 7),
(7, 8),
(8, 9),
(8, 10),
(8, 1),
(8, 2),
(9, 3),
(9, 4),
(9, 5),
(9, 6),
(10, 7),
(10, 8),
(10, 9),
(10, 10),
(11, 11),
(11, 12),
(11, 13),
(11, 14),
(12, 15),
(12, 16),
(12, 17),
(12, 18),
(13, 19),
(13, 20),
(13, 11),
(13, 12),
(14, 13),
(14, 14),
(14, 15),
(14, 16),
(15, 17),
(15, 18),
(15, 19),
(15, 20),
(16, 11),
(16, 12),
(16, 13),
(16, 14),
(17, 15),
(17, 16),
(17, 17),
(17, 18),
(18, 19),
(18, 20),
(18, 11),
(18, 12),
(19, 13),
(19, 14),
(19, 15),
(19, 16),
(20, 17),
(20, 18),
(20, 19),
(20, 20);

--TODO: REVISAR SI LOS TIPOS DE PIEZAS CONCUERDAN CON LAS PIEZAS QUE VAMOS A REGISTRAR (SON 20 PIEZAS POR TIPO DE INVENTARIO)
INSERT INTO TIPO_PIEZA (Tip_nombre_tipo, Tip_descripcion) VALUES
('Ala recta', 'Es un cuerpo aerodinámico formado por una estructura muy fuerte.'),
('Ala trapezoidal', 'Es un cuerpo aerodinámico formado por una estructura muy fuerte.'),
('Ala elíptica', 'Es un cuerpo aerodinámico formado por una estructura muy fuerte.'),
('Ala flecha', 'Es un cuerpo aerodinámico formado por una estructura muy fuerte.'),
('Ala flecha invertida', 'Es un cuerpo aerodinámico formado por una estructura muy fuerte.'),
('Ala doble flecha', 'Es un cuerpo aerodinámico formado por una estructura muy fuerte.'),
('Ala de flecha variable', 'Es un cuerpo aerodinámico formado por una estructura muy fuerte.'),
('Ala delta', 'Es un cuerpo aerodinámico formado por una estructura muy fuerte.'),
('Ala delta con canard', 'Es un cuerpo aerodinámico formado por una estructura muy fuerte.'),
('Ala delta con timones', 'Es un cuerpo aerodinámico formado por una estructura muy fuerte.'),
('Ala doble delta', 'Es un cuerpo aerodinámico formado por una estructura muy fuerte.'),
('Ala ojival', 'Es un cuerpo aerodinámico formado por una estructura muy fuerte.'),
('Aleron de baja velocidad', 'Se encarga de controlar el movimiento de balance en vuelo del avión.'),
('Aleron de alta velocidad', 'Se encarga de controlar el movimiento de balance en vuelo del avión.'),
('Flaps', 'Son utilizados en ciertas maniobras.'),
('Slats', 'Impide el desprendimiento de la capa límite aún con elevados ángulos de ataque, es decir, velocidades reducidas.'),
('Spoilers', 'Su función es reducir la sustentación generada por el ala cuando ello es requerido.'),
('Superficie de Sustentación', 'Diseñada para obtener una fuerza de reacción cuando se encuentra en movimiento.'),
('Fuselaje', 'Es el cuerpo del avión al que se encuentran unidas las alas y los estabilizadores.'),
('Grupo Motopropulsor', 'La función es generar la tracción necesaria para contrarrestar la resistencia aerodinámica.'),
('Acción de Componentes', 'Cada uno de éstos componentes actúa sobre uno de los ángulos de navegación.'),
('Estabilizador estandar', 'Son pequeñas alas que garantizan la estabilidad del avión.'),
('Estabilizador en forma de T', 'Son pequeñas alas que garantizan la estabilidad del avión.'),
('Estabilizador en forma de cruz', 'Son pequeñas alas que garantizan la estabilidad del avión.'),
('Dos estabilizadores verticales', 'Son pequeñas alas que garantizan la estabilidad del avión.'),
('Tres estabilizadores verticales', 'Son pequeñas alas que garantizan la estabilidad del avión.'),
('Estabilizador en forma de V', 'Son pequeñas alas que garantizan la estabilidad del avión.'),
('Tren de Aterrizaje retráctil', 'Son unos dispositivos que permiten a la aeronave desplazarse por tierra. '),
('Tren de Aterrizaje fijo', 'Son unos dispositivos que permiten a la aeronave desplazarse por tierra. '),
('Anemómetro', 'Mide la velocidad, dirección y presión del viento.'),
('Altímetro', NULL),
('Variómetro', NULL),
('Inclinómetro', NULL),
('Horizonte artificial', NULL),
('Brújula', NULL),
('Indicador de rumbos', NULL),
('ADF', 'Equipo automático buscador de dirección.'),
('DME', 'sistema terrestre que emite señales de navegación basadas en pulsos.'),
('Indicador de rumbos', 'Mide la velocidad, dirección y presión del viento.'),
('ADF', 'Equipo automático buscador de dirección.'),
('DME', 'sistema terrestre que emite señales de navegación basadas en pulsos.'),
('CDI', 'Permite saber al piloto si se encuentra a la derecha, a la izquierda o centrado sobre el radial.'),
('ILS', 'Sistema que permite el control y guiado de los aviones en las maniobras de aterrizaje.'),
('Piloto automático', NULL),
('Sistema de Gestión de Vuelo', NULL),
('Manómetro', 'Monitorean la presión en diferentes sistemas.'),
('Termómetro de Aceite', NULL),
('Caudal de Combustible', NULL),
('Temperatura de Culatas', NULL),
('Nivel de Combustible', NULL),
('Asientos', NULL),
('Porta equipajes', NULL),
('Alfombrado', NULL),
('Piezas sanitarias', NULL),
('Ventanillas', NULL),
('Punta de ala', NULL);

INSERT INTO PIEZA (Pie_nombre, Pie_descripcion, Fk_zona, Fk_avion, Fk_pieza, Fk_tipo_pieza, Fk_fase_ejecucion) VALUES
('AR-100', 'Modelo AR-100 del tipo Ala recta', 18, 1, NULL, 1, 1),
('AT-100', 'Modelo AT-100 del tipo Ala trapezoidal', 18, 2, NULL, 2, 2),
('AE-100', 'Modelo AE-100 del tipo Ala elíptica', 18, 3, NULL, 3, 3),
('AF-100', 'Modelo AF-100 del tipo Ala flecha', 18, 4, NULL, 4, 4),
('AFI-100', 'Modelo AFI-100 del tipo Ala flecha invertida', 18, 5, NULL, 5, 5),
('ADF-100', 'Modelo ADF-100 del tipo Ala doble flecha', 19, 6, NULL, 6, 6),
('AFV-100', 'Modelo AFV-100 del tipo Ala de flecha variable', 19, 7, NULL, 7, 7),
('AD-100', 'Modelo AD-100 del tipo Ala delta', 19, 8, NULL, 8, 8),
('ADC-100', 'Modelo ADC-100 del tipo Ala delta con canard', 19, 9, NULL, 9, 9),
('ADD-100', 'Modelo ADD-100 del tipo Ala doble delta', 19, 10, NULL, 11, 10),
('AR-200', 'Modelo AR-200 del tipo Ala recta', 5, 11, NULL, 1, 11),
('AT-200', 'Modelo AT-200 del tipo Ala trapezoidal', 5, 12, NULL, 2, 12),
('AE-200', 'Modelo AE-200 del tipo Ala elíptica', 5, 13, NULL, 3, 13),
('AF-200', 'Modelo AF-200 del tipo Ala flecha', 5, 14, NULL, 4, 14),
('AFI-200', 'Modelo AFI-200 del tipo Ala flecha invertida', 5, 15, NULL, 5, 15),
('ADF-200', 'Modelo ADF-200 del tipo Ala doble flecha', 10, 16, NULL, 6, 16),
('AFV-200', 'Modelo AFV-200 del tipo Ala de flecha variable', 1, 17, NULL, 7, 17),
('AD-200', 'Modelo AD-200 del tipo Ala delta', 10, 18, NULL, 8, 18),
('ADT-100', 'Modelo ADT-100 del tipo Ala delta con timones', 10, 19, NULL, 10, 18),
('AO-100', 'Modelo AO-100 del tipo Ala ojival', 10, 20, NULL, 12, 20),
('PA-32a', 'Modelo del tipo de punta de ala', 17, 1, 1, 56, 1),
('PA-26b', 'Modelo del tipo de punta de ala', 17, 2, 2, 56, 2),
('PA-22c', 'Modelo del tipo de punta de ala', 17, 3, 3, 56, 3),
('PA-15P', 'Modelo del tipo de punta de ala', 17, 4, 4, 56, 4),
('PA-10h', 'Modelo del tipo de punta de ala', 17, 5, 5, 56, 5),
('PA-5c', 'Modelo del tipo de punta de ala', 12, 6, 6, 56, 6),
('PA-34ci', 'Modelo del tipo de punta de ala', 12, 7, 7, 56, 7),
('PA-32a', 'Modelo del tipo de punta de ala', 12, 8, 8, 56, 8),
('PA-3y', 'Modelo del tipo de punta de ala', 12, 9, 9, 56, 9),
('PA-2e', 'Modelo del tipo de punta de ala', 13, 10, 10, 56, 10),
('PA-16f', 'Modelo del tipo de punta de ala', 13, 11, 11, 56, 11),
('PA-40q', 'Modelo del tipo de punta de ala', 13, 12, 12, 56, 12),
('PA-26b', 'Modelo del tipo de punta de ala', 13, 13, 13, 56, 13),
('PA-3y', 'Modelo del tipo de punta de ala', 8, 14, 14, 56, 14),
('PA-32a', 'Modelo del tipo de punta de ala', 8, 15, 15, 56, 15),
('PA-26b', 'Modelo del tipo de punta de ala', 8, 16, 16, 56, 16),
('PA-22c', 'Modelo del tipo de punta de ala', 8, 17, 17, 56, 17),
('PA-15P', 'Modelo del tipo de punta de ala', 4, 18, 18, 56, 18),
('PA-10h', 'Modelo del tipo de punta de ala', 4, 19, 19, 56, 19),
('PA-5c', 'Modelo del tipo de punta de ala', 4, 20, 20, 56, 20),
('ABV-130', 'Modelo del tipo Alerón baja velocidad', 13, 1, 1, 13, 1),
('ABV-245', 'Modelo del tipo Alerón baja velocidad', 13, 2, 2, 13, 2),
('AHV-23E', 'Modelo del tipo Alerón alta velocidad', 12, 3, 3, 14, 3),
('AHV-E34', 'Modelo del tipo Alerón alta velocidad', 12, 4, 4, 14, 4),
('ABV-1ER', 'Modelo del tipo Alerón baja velocidad', 15, 5, 5, 13, 5),
('ABV-2GF', 'Modelo del tipo Alerón baja velocidad', 15, 6, 6, 13, 6),
('AHV-5T2', 'Modelo del tipo Alerón alta velocidad', 7, 7, 7, 14, 7),
('AHV-XDF', 'Modelo del tipo Alerón alta velocidad', 8, 8, 8, 14, 8),
('ABV-3TD', 'Modelo del tipo Alerón baja velocidad', 9, 9, 9, 13, 9),
('ABV-1WS', 'Modelo del tipo Alerón baja velocidad', 10, 10, 10, 13, 10),
('AHV-0TR', 'Modelo del tipo Alerón alta velocidad', 6, 11, 11, 14, 11),
('AHV-D45', 'Modelo del tipo Alerón alta velocidad', 17, 12, 12, 14, 12),
('ABV-A46', 'Modelo del tipo Alerón baja velocidad', 13, 13, 13, 13, 13),
('ABV-T55', 'Modelo del tipo Alerón baja velocidad', 13, 14, 14, 13, 14),
('AHV-XGT', 'Modelo del tipo Alerón alta velocidad', 8, 15, 15, 14, 15),
('AHV-09P', 'Modelo del tipo Alerón alta velocidad', 8, 16, 16, 14, 16),
('ABV-LJ2', 'Modelo del tipo Alerón baja velocidad', 8, 17, 17, 13, 17),
('ABV-BGF', 'Modelo del tipo Alerón baja velocidad', 8, 18, 18, 13, 18),
('AHV-33X', 'Modelo del tipo Alerón alta velocidad', 3, 19, 19, 14, 19),
('AHV-200', 'Modelo del tipo Alerón alta velocidad', 3, 20, 20, 14, 20),
('FL-100', 'Modelo FL-100 del tipo Flaps', 3, 1, 1, 15, 1),
('FL-200', 'Modelo FL-200 del tipo Flaps', 2, 2, 2, 15, 2),
('FL-300', 'Modelo FL-300 del tipo Flaps', 7, 3, 3, 15, 3),
('FL-400', 'Modelo FL-400 del tipo Flaps', 6, 4, 4, 15, 4),
('FL-500', 'Modelo FL-500 del tipo Flaps', 6, 5, 5, 15, 5),
('FL-600', 'Modelo FL-600 del tipo Flaps', 6, 6, 6, 15, 6),
('FL-700', 'Modelo FL-700 del tipo Flaps', 5, 7, 7, 15, 7),
('FL-800', 'Modelo FL-800 del tipo Flaps', 13, 8, 8, 15, 8),
('FL-900', 'Modelo FL-900 del tipo Flaps', 12, 9, 9, 15, 9),
('FL-1000', 'Modelo FL-1000 del tipo Flaps', 11, 10, 10, 15, 10),
('FL-1100', 'Modelo FL-1100 del tipo Flaps', 10, 11, 11, 15, 11),
('FL-1200', 'Modelo FL-1200 del tipo Flaps', 17, 12, 12, 15, 12),
('FL-1300', 'Modelo FL-1300 del tipo Flaps', 16, 13, 13, 15, 13),
('FL-1400', 'Modelo FL-1400 del tipo Flaps', 16, 14, 14, 15, 14),
('FL-1500', 'Modelo FL-1500 del tipo Flaps', 17, 15, 15, 15, 15),
('FL-1600', 'Modelo FL-1600 del tipo Flaps', 17, 16, 16, 15, 16),
('FL-1700', 'Modelo FL-1700 del tipo Flaps', 17, 17, 17, 15, 17),
('FL-1800', 'Modelo FL-1800 del tipo Flaps', 14, 18, 18, 15, 18),
('FL-1900', 'Modelo FL-1900 del tipo Flaps', 14, 19, 19, 15, 19),
('FL-2000', 'Modelo FL-2000 del tipo Flaps', 13, 20, 20, 15, 20),
('SL-1A2B', 'Modelo SL-1A2B del tipo Slats', 2, 1, 1, 16, 1),
('SL-3C4D', 'Modelo SL-3C4D del tipo Slats', 3, 2, 2, 16, 2),
('SL-5E6F', 'Modelo SL-5E6F del tipo Slats', 4, 3, 3, 16, 3),
('SL-7G8H', 'Modelo SL-7G8H del tipo Slats', 5, 4, 4, 16, 4),
('SL-9I0J', 'Modelo SL-9I0J del tipo Slats', 6, 5, 5, 16, 5),
('SL-1K2L', 'Modelo SL-1K2L del tipo Slats', 7, 6, 6, 16, 6),
('SL-3M4N', 'Modelo SL-3M4N del tipo Slats', 8, 7, 7, 16, 7),
('SL-5O6P', 'Modelo SL-5O6P del tipo Slats', 9, 8, 8, 16, 8),
('SL-7Q8R', 'Modelo SL-7Q8R del tipo Slats', 10, 9, 9, 16, 9),
('SL-9S0T', 'Modelo SL-9S0T del tipo Slats', 11, 10, 10, 16, 10),
('SL-1U2V', 'Modelo SL-1U2V del tipo Slats', 12, 11, 11, 16, 11),
('SL-3W4X', 'Modelo SL-3W4X del tipo Slats', 13, 12, 12, 16, 12),
('SL-5Y6Z', 'Modelo SL-5Y6Z del tipo Slats', 14, 13, 13, 16, 13),
('SL-7A8B', 'Modelo SL-7A8B del tipo Slats', 15, 14, 14, 16, 14),
('SL-9C0D', 'Modelo SL-9C0D del tipo Slats', 16, 15, 15, 16, 15),
('SL-1E2F', 'Modelo SL-1E2F del tipo Slats', 17, 16, 16, 16, 16),
('SL-3G4H', 'Modelo SL-3G4H del tipo Slats', 2, 17, 17, 16, 17),
('SL-5I6J', 'Modelo SL-5I6J del tipo Slats', 3, 18, 18, 16, 18),
('SL-7K8L', 'Modelo SL-7K8L del tipo Slats', 4, 19, 19, 16, 19),
('SL-9M0N', 'Modelo SL-9M0N del tipo Slats', 5, 20, 20, 16, 20),
('SP-101', 'Modelo SP-101 del tipo Spoilers', 3, 1, 1, 17, 1),
('SP-102', 'Modelo SP-102 del tipo Spoilers', 5, 2, 2, 17, 2),
('SP-103', 'Modelo SP-103 del tipo Spoilers', 7, 3, 3, 17, 3),
('SP-104', 'Modelo SP-104 del tipo Spoilers', 9, 4, 4, 17, 4),
('SP-105', 'Modelo SP-105 del tipo Spoilers', 11, 5, 5, 17, 5),
('SP-106', 'Modelo SP-106 del tipo Spoilers', 13, 6, 6, 17, 6),
('SP-107', 'Modelo SP-107 del tipo Spoilers', 15, 7, 7, 17, 7),
('SP-108', 'Modelo SP-108 del tipo Spoilers', 17, 8, 8, 17, 8),
('SP-109', 'Modelo SP-109 del tipo Spoilers', 2, 9, 9, 17, 9),
('SP-110', 'Modelo SP-110 del tipo Spoilers', 4, 10, 10, 17, 10),
('SP-111', 'Modelo SP-111 del tipo Spoilers', 6, 11, 11, 17, 11),
('SP-112', 'Modelo SP-112 del tipo Spoilers', 8, 12, 12, 17, 12),
('SP-113', 'Modelo SP-113 del tipo Spoilers', 10, 13, 13, 17, 13),
('SP-114', 'Modelo SP-114 del tipo Spoilers', 12, 14, 14, 17, 14),
('SP-115', 'Modelo SP-115 del tipo Spoilers', 14, 15, 15, 17, 15),
('SP-116', 'Modelo SP-116 del tipo Spoilers', 16, 16, 16, 17, 16),
('SP-117', 'Modelo SP-117 del tipo Spoilers', 3, 17, 17, 17, 17),
('SP-118', 'Modelo SP-118 del tipo Spoilers', 5, 18, 18, 17, 18),
('SP-119', 'Modelo SP-119 del tipo Spoilers', 7, 19, 19, 17, 19),
('SP-120', 'Modelo SP-120 del tipo Spoilers', 9, 20, 20, 17, 20),
('SS-101A', 'Modelo SS-101A del tipo Superficie de Sustentación', 3, 1, NULL, 18, 1),
('SS-102B', 'Modelo SS-102B del tipo Superficie de Sustentación', 5, 2, NULL, 18, 2),
('SS-103C', 'Modelo SS-103C del tipo Superficie de Sustentación', 7, 3, NULL, 18, 3),
('SS-104D', 'Modelo SS-104D del tipo Superficie de Sustentación', 9, 4, NULL, 18, 4),
('SS-105E', 'Modelo SS-105E del tipo Superficie de Sustentación', 11, 5, NULL, 18, 5),
('SS-106F', 'Modelo SS-106F del tipo Superficie de Sustentación', 13, 6, NULL, 18, 6),
('SS-107G', 'Modelo SS-107G del tipo Superficie de Sustentación', 15, 7, NULL, 18, 7),
('SS-108H', 'Modelo SS-108H del tipo Superficie de Sustentación', 17, 8, NULL, 18, 8),
('SS-109I', 'Modelo SS-109I del tipo Superficie de Sustentación', 2, 9, NULL, 18, 9),
('SS-110J', 'Modelo SS-110J del tipo Superficie de Sustentación', 4, 10, NULL, 18, 10),
('SS-111K', 'Modelo SS-111K del tipo Superficie de Sustentación', 6, 11, NULL, 18, 11),
('SS-112L', 'Modelo SS-112L del tipo Superficie de Sustentación', 8, 12, NULL, 18, 12),
('SS-113M', 'Modelo SS-113M del tipo Superficie de Sustentación', 10, 13, NULL, 18, 13),
('SS-114N', 'Modelo SS-114N del tipo Superficie de Sustentación', 12, 14, NULL, 18, 14),
('SS-115O', 'Modelo SS-115O del tipo Superficie de Sustentación', 14, 15, NULL, 18, 15),
('SS-116P', 'Modelo SS-116P del tipo Superficie de Sustentación', 16, 16, NULL, 18, 16),
('SS-117Q', 'Modelo SS-117Q del tipo Superficie de Sustentación', 3, 17, NULL, 18, 17),
('SS-118R', 'Modelo SS-118R del tipo Superficie de Sustentación', 5, 18, NULL, 18, 18),
('SS-119S', 'Modelo SS-119S del tipo Superficie de Sustentación', 7, 19, NULL, 18, 19),
('SS-120T', 'Modelo SS-120T del tipo Superficie de Sustentación', 9, 20, NULL, 18, 20),
('FU-101A', 'Modelo FU-101A del tipo Fuselaje', 3, 1, NULL, 19, 1),
('FU-102B', 'Modelo FU-102B del tipo Fuselaje', 5, 2, NULL, 19, 2),
('FU-103C', 'Modelo FU-103C del tipo Fuselaje', 7, 3, NULL, 19, 3),
('FU-104D', 'Modelo FU-104D del tipo Fuselaje', 9, 4, NULL, 19, 4),
('FU-105E', 'Modelo FU-105E del tipo Fuselaje', 11, 5, NULL, 19, 5),
('FU-106F', 'Modelo FU-106F del tipo Fuselaje', 13, 6, NULL, 19, 6),
('FU-107G', 'Modelo FU-107G del tipo Fuselaje', 15, 7, NULL, 19, 7),
('FU-108H', 'Modelo FU-108H del tipo Fuselaje', 17, 8, NULL, 19, 8),
('FU-109I', 'Modelo FU-109I del tipo Fuselaje', 2, 9, NULL, 19, 9),
('FU-110J', 'Modelo FU-110J del tipo Fuselaje', 4, 10, NULL, 19, 10),
('FU-111K', 'Modelo FU-111K del tipo Fuselaje', 6, 11, NULL, 19, 11),
('FU-112L', 'Modelo FU-112L del tipo Fuselaje', 8, 12, NULL, 19, 12),
('FU-113M', 'Modelo FU-113M del tipo Fuselaje', 10, 13, NULL, 19, 13),
('FU-114N', 'Modelo FU-114N del tipo Fuselaje', 12, 14, NULL, 19, 14),
('FU-115O', 'Modelo FU-115O del tipo Fuselaje', 14, 15, NULL, 19, 15),
('FU-116P', 'Modelo FU-116P del tipo Fuselaje', 16, 16, NULL, 19, 16),
('FU-117Q', 'Modelo FU-117Q del tipo Fuselaje', 3, 17, NULL, 19, 17),
('FU-118R', 'Modelo FU-118R del tipo Fuselaje', 5, 18, NULL, 19, 18),
('FU-119S', 'Modelo FU-119S del tipo Fuselaje', 7, 19, NULL, 19, 19),
('FU-120T', 'Modelo FU-120T del tipo Fuselaje', 9, 20, NULL, 19, 20),
('GMP-101A', 'Modelo GMP-101A del tipo Grupo motopropulsor', 3, 1, NULL, 20, 1),
('GMP-102B', 'Modelo GMP-102B del tipo Grupo motopropulsor', 5, 2, NULL, 20, 2),
('GMP-103C', 'Modelo GMP-103C del tipo Grupo motopropulsor', 7, 3, NULL, 20, 3),
('GMP-104D', 'Modelo GMP-104D del tipo Grupo motopropulsor', 9, 4, NULL, 20, 4),
('GMP-105E', 'Modelo GMP-105E del tipo Grupo motopropulsor', 11, 5, NULL, 20, 5),
('GMP-106F', 'Modelo GMP-106F del tipo Grupo motopropulsor', 13, 6, NULL, 20, 6),
('GMP-107G', 'Modelo GMP-107G del tipo Grupo motopropulsor', 15, 7, NULL, 20, 7),
('GMP-108H', 'Modelo GMP-108H del tipo Grupo motopropulsor', 17, 8, NULL, 20, 8),
('GMP-109I', 'Modelo GMP-109I del tipo Grupo motopropulsor', 2, 9, NULL, 20, 9),
('GMP-110J', 'Modelo GMP-110J del tipo Grupo motopropulsor', 4, 10, NULL, 20, 10),
('GMP-111K', 'Modelo GMP-111K del tipo Grupo motopropulsor', 6, 11, NULL, 20, 11),
('GMP-112L', 'Modelo GMP-112L del tipo Grupo motopropulsor', 8, 12, NULL, 20, 12),
('GMP-113M', 'Modelo GMP-113M del tipo Grupo motopropulsor', 10, 13, NULL, 20, 13),
('GMP-114N', 'Modelo GMP-114N del tipo Grupo motopropulsor', 12, 14, NULL, 20, 14),
('GMP-115O', 'Modelo GMP-115O del tipo Grupo motopropulsor', 14, 15, NULL, 20, 15),
('GMP-116P', 'Modelo GMP-116P del tipo Grupo motopropulsor', 16, 16, NULL, 20, 16),
('GMP-117Q', 'Modelo GMP-117Q del tipo Grupo motopropulsor', 3, 17, NULL, 20, 17),
('GMP-118R', 'Modelo GMP-118R del tipo Grupo motopropulsor', 5, 18, NULL, 20, 18),
('GMP-119S', 'Modelo GMP-119S del tipo Grupo motopropulsor', 7, 19, NULL, 20, 19),
('GMP-120T', 'Modelo GMP-120T del tipo Grupo motopropulsor', 9, 20, NULL, 20, 20),
('AC-101A', 'Modelo AC-101A del tipo Acción de Componentes', 3, 1, NULL, 21, 1),
('AC-102B', 'Modelo AC-102B del tipo Acción de Componentes', 5, 2, NULL, 21, 2),
('AC-103C', 'Modelo AC-103C del tipo Acción de Componentes', 7, 3, NULL, 21, 3),
('AC-104D', 'Modelo AC-104D del tipo Acción de Componentes', 9, 4, NULL, 21, 4),
('AC-105E', 'Modelo AC-105E del tipo Acción de Componentes', 11, 5, NULL, 21, 5),
('AC-106F', 'Modelo AC-106F del tipo Acción de Componentes', 13, 6, NULL, 21, 6),
('AC-107G', 'Modelo AC-107G del tipo Acción de Componentes', 15, 7, NULL, 21, 7),
('AC-108H', 'Modelo AC-108H del tipo Acción de Componentes', 17, 8, NULL, 21, 8),
('AC-109I', 'Modelo AC-109I del tipo Acción de Componentes', 2, 9, NULL, 21, 9),
('AC-110J', 'Modelo AC-110J del tipo Acción de Componentes', 4, 10, NULL, 21, 10),
('AC-111K', 'Modelo AC-111K del tipo Acción de Componentes', 6, 11, NULL, 21, 11),
('AC-112L', 'Modelo AC-112L del tipo Acción de Componentes', 8, 12, NULL, 21, 12),
('AC-113M', 'Modelo AC-113M del tipo Acción de Componentes', 10, 13, NULL, 21, 13),
('AC-114N', 'Modelo AC-114N del tipo Acción de Componentes', 12, 14, NULL, 21, 14),
('AC-115O', 'Modelo AC-115O del tipo Acción de Componentes', 14, 15, NULL, 21, 15),
('AC-116P', 'Modelo AC-116P del tipo Acción de Componentes', 16, 16, NULL, 21, 16),
('AC-117Q', 'Modelo AC-117Q del tipo Acción de Componentes', 3, 17, NULL, 21, 17),
('AC-118R', 'Modelo AC-118R del tipo Acción de Componentes', 5, 18, NULL, 21, 18),
('AC-119S', 'Modelo AC-119S del tipo Acción de Componentes', 7, 19, NULL, 21, 19),
('AC-120T', 'Modelo AC-120T del tipo Acción de Componentes', 9, 20, NULL, 21, 20),
('AC-101A', 'Modelo AC-101A del tipo Acción de Componentes', 3, 1, NULL, 21, 1),
('AC-102B', 'Modelo AC-102B del tipo Acción de Componentes', 5, 2, NULL, 21, 2),
('AC-103C', 'Modelo AC-103C del tipo Acción de Componentes', 7, 3, NULL, 21, 3),
('AC-104D', 'Modelo AC-104D del tipo Acción de Componentes', 9, 4, NULL, 21, 4),
('AC-105E', 'Modelo AC-105E del tipo Acción de Componentes', 11, 5, NULL, 21, 5),
('AC-106F', 'Modelo AC-106F del tipo Acción de Componentes', 13, 6, NULL, 21, 6),
('AC-107G', 'Modelo AC-107G del tipo Acción de Componentes', 15, 7, NULL, 21, 7),
('AC-108H', 'Modelo AC-108H del tipo Acción de Componentes', 17, 8, NULL, 21, 8),
('AC-109I', 'Modelo AC-109I del tipo Acción de Componentes', 2, 9, NULL, 21, 9),
('AC-110J', 'Modelo AC-110J del tipo Acción de Componentes', 4, 10, NULL, 21, 10),
('AC-111K', 'Modelo AC-111K del tipo Acción de Componentes', 6, 11, NULL, 21, 11),
('AC-112L', 'Modelo AC-112L del tipo Acción de Componentes', 8, 12, NULL, 21, 12),
('AC-113M', 'Modelo AC-113M del tipo Acción de Componentes', 10, 13, NULL, 21, 13),
('AC-114N', 'Modelo AC-114N del tipo Acción de Componentes', 12, 14, NULL, 21, 14),
('AC-115O', 'Modelo AC-115O del tipo Acción de Componentes', 14, 15, NULL, 21, 15),
('AC-116P', 'Modelo AC-116P del tipo Acción de Componentes', 16, 16, NULL, 21, 16),
('AC-117Q', 'Modelo AC-117Q del tipo Acción de Componentes', 3, 17, NULL, 21, 17),
('AC-118R', 'Modelo AC-118R del tipo Acción de Componentes', 5, 18, NULL, 21, 18),
('AC-119S', 'Modelo AC-119S del tipo Acción de Componentes', 7, 19, NULL, 21, 19),
('AC-120T', 'Modelo AC-120T del tipo Acción de Componentes', 9, 20, NULL, 21, 20),
('E-101A', 'Modelo E-101A del tipo estabilizador', 3, 1, NULL, 22, 1),
('EV-102B', 'Modelo EV-102B del tipo estabilizador', 5, 2, NULL, 23, 2),
('DEV-103C', 'Modelo DEV-103C del tipo estabilizador', 7, 3, NULL, 24, 3),
('DET-104D', 'Modelo DET-104D del tipo estabilizador', 9, 4, NULL, 25, 4),
('TEV-105E', 'Modelo TEV-105E del tipo estabilizador', 11, 5, NULL, 26, 5),
('EC-106F', 'Modelo EC-106F del tipo estabilizador', 13, 6, NULL, 27, 6),
('E-107G', 'Modelo E-107G del tipo estabilizador', 15, 7, NULL, 22, 7),
('EV-108H', 'Modelo EV-108H del tipo estabilizador', 17, 8, NULL, 23, 8),
('DEV-109I', 'Modelo DEV-109I del tipo estabilizador', 2, 9, NULL, 24, 9),
('DET-110J', 'Modelo DET-110J del tipo estabilizador', 4, 10, NULL, 25, 10),
('TEV-111K', 'Modelo TEV-111K del tipo estabilizador', 6, 11, NULL, 26, 11),
('EC-112L', 'Modelo EC-112L del tipo estabilizador', 8, 12, NULL, 27, 12),
('E-113M', 'Modelo E-113M del tipo estabilizador', 10, 13, NULL, 22, 13),
('EV-114N', 'Modelo EV-114N del tipo estabilizador', 12, 14, NULL, 23, 14),
('DEV-115O', 'Modelo DEV-115O del tipo estabilizador', 14, 15, NULL, 24, 15),
('DET-116P', 'Modelo DET-116P del tipo estabilizador', 16, 16, NULL, 25, 16),
('TEV-117Q', 'Modelo TEV-117Q del tipo estabilizador', 3, 17, NULL, 26, 17),
('EC-118R', 'Modelo EC-118R del tipo estabilizador', 5, 18, NULL, 27, 18),
('E-119S', 'Modelo E-119S del tipo estabilizador', 7, 19, NULL, 22, 19),
('EV-120T', 'Modelo EV-120T del tipo estabilizador', 9, 20, NULL, 23, 20),
('TAR-101A', 'Modelo TAR-101A del tipo tren de aterrizaje', 3, 1, NULL, 28, 1),
('TAF-102B', 'Modelo TAF-102B del tipo tren de aterrizaje', 5, 2, NULL, 29, 2),
('TAR-103C', 'Modelo TAR-103C del tipo tren de aterrizaje', 7, 3, NULL, 28, 3),
('TAF-104D', 'Modelo TAF-104D del tipo tren de aterrizaje', 9, 4, NULL, 29, 4),
('TAR-105E', 'Modelo TAR-105E del tipo tren de aterrizaje', 11, 5, NULL, 28, 5),
('TAF-106F', 'Modelo TAF-106F del tipo tren de aterrizaje', 13, 6, NULL, 29, 6),
('TAR-107G', 'Modelo TAR-107G del tipo tren de aterrizaje', 15, 7, NULL, 28, 7),
('TAF-108H', 'Modelo TAF-108H del tipo tren de aterrizaje', 17, 8, NULL, 29, 8),
('TAR-109I', 'Modelo TAR-109I del tipo tren de aterrizaje', 2, 9, NULL, 28, 9),
('TAF-110J', 'Modelo TAF-110J del tipo tren de aterrizaje', 4, 10, NULL, 29, 10),
('TAR-111K', 'Modelo TAR-111K del tipo tren de aterrizaje', 6, 11, NULL, 28, 11),
('TAF-112L', 'Modelo TAF-112L del tipo tren de aterrizaje', 8, 12, NULL, 29, 12),
('TAR-113M', 'Modelo TAR-113M del tipo tren de aterrizaje', 10, 13, NULL, 28, 13),
('TAF-114N', 'Modelo TAF-114N del tipo tren de aterrizaje', 12, 14, NULL, 29, 14),
('TAR-115O', 'Modelo TAR-115O del tipo tren de aterrizaje', 14, 15, NULL, 28, 15),
('TAF-116P', 'Modelo TAF-116P del tipo tren de aterrizaje', 16, 16, NULL, 29, 16),
('TAR-117Q', 'Modelo TAR-117Q del tipo tren de aterrizaje', 3, 17, NULL, 28, 17),
('TAF-118R', 'Modelo TAF-118R del tipo tren de aterrizaje', 5, 18, NULL, 29, 18),
('TAR-119S', 'Modelo TAR-119S del tipo tren de aterrizaje', 7, 19, NULL, 28, 19),
('TAF-120T', 'Modelo TAF-120T del tipo tren de aterrizaje', 9, 20, NULL, 29, 20),
('INTCON-101A', 'Modelo INTCON-101A del INSTRUMENTO DE CONTROL', 3, 1, NULL, 30, 1),
('INTCON-102B', 'Modelo INTCON-102B del INSTRUMENTO DE CONTROL', 5, 2, NULL, 31, 2),
('INTCON-103C', 'Modelo INTCON-103C del INSTRUMENTO DE CONTROL', 7, 3, NULL, 32, 3),
('INTCON-104D', 'Modelo INTCON-104D del INSTRUMENTO DE CONTROL', 9, 4, NULL, 33, 4),
('INTCON-105E', 'Modelo INTCON-105E del INSTRUMENTO DE CONTROL', 11, 5, NULL, 34, 5),
('INTCON-106F', 'Modelo INTCON-106F del INSTRUMENTO DE CONTROL', 13, 6, NULL, 35, 6),
('INTCON-107G', 'Modelo INTCON-107G del INSTRUMENTO DE CONTROL', 15, 7, NULL, 36, 7),
('INTCON-108H', 'Modelo INTCON-108H del INSTRUMENTO DE CONTROL', 17, 8, NULL, 37, 8),
('INTCON-109I', 'Modelo INTCON-109I del INSTRUMENTO DE CONTROL', 2, 9, NULL, 38, 9),
('INTCON-110J', 'Modelo INTCON-110J del INSTRUMENTO DE CONTROL', 4, 10, NULL, 39, 10),
('INTCON-111K', 'Modelo INTCON-111K del INSTRUMENTO DE CONTROL', 6, 11, NULL, 40, 11),
('INTCON-112L', 'Modelo INTCON-112L del INSTRUMENTO DE CONTROL', 8, 12, NULL, 41, 12),
('INTCON-113M', 'Modelo INTCON-113M del INSTRUMENTO DE CONTROL', 10, 13, NULL, 42, 13),
('INTCON-114N', 'Modelo INTCON-114N del INSTRUMENTO DE CONTROL', 12, 14, NULL, 43, 14),
('INTCON-115O', 'Modelo INTCON-115O del INSTRUMENTO DE CONTROL', 14, 15, NULL, 44, 15),
('INTCON-116P', 'Modelo INTCON-116P del INSTRUMENTO DE CONTROL', 16, 16, NULL, 45, 16),
('INTCON-117Q', 'Modelo INTCON-117Q del INSTRUMENTO DE CONTROL', 3, 17, NULL, 46, 17),
('INTCON-118R', 'Modelo INTCON-118R del INSTRUMENTO DE CONTROL', 5, 18, NULL, 47, 18),
('INTCON-119S', 'Modelo INTCON-119S del INSTRUMENTO DE CONTROL', 7, 19, NULL, 48, 19),
('INTCON-120T', 'Modelo INTCON-120T del INSTRUMENTO DE CONTROL', 9, 20, NULL, 49, 20),
('ELEMINT-101A', 'Modelo ELEMINT-101A del tipo de elemento interno', 3, 1, NULL, 22, 1),
('ELEMINT-102B', 'Modelo ELEMINT-102B del tipo de elemento interno', 5, 2, NULL, 23, 2),
('ELEMINT-103C', 'Modelo ELEMINT-103C del tipo de elemento interno', 7, 3, NULL, 24, 3),
('ELEMINT-104D', 'Modelo ELEMINT-104D del tipo de elemento interno', 9, 4, NULL, 25, 4),
('ELEMINT-105E', 'Modelo ELEMINT-105E del tipo de elemento interno', 11, 5, NULL, 26, 5),
('ELEMINT-106F', 'Modelo ELEMINT-106F del tipo de elemento interno', 13, 6, NULL, 27, 6),
('ELEMINT-107G', 'Modelo ELEMINT-107G del tipo de elemento interno', 15, 7, NULL, 22, 7),
('ELEMINT-108H', 'Modelo ELEMINT-108H del tipo de elemento interno', 17, 8, NULL, 23, 8),
('ELEMINT-109I', 'Modelo ELEMINT-109I del tipo de elemento interno', 2, 9, NULL, 24, 9),
('ELEMINT-110J', 'Modelo ELEMINT-110J del tipo de elemento interno', 4, 10, NULL, 25, 10),
('ELEMINT-111K', 'Modelo ELEMINT-111K del tipo de elemento interno', 6, 11, NULL, 26, 11),
('ELEMINT-112L', 'Modelo ELEMINT-112L del tipo de elemento interno', 8, 12, NULL, 27, 12),
('ELEMINT-113M', 'Modelo ELEMINT-113M del tipo de elemento interno', 10, 13, NULL, 22, 13),
('ELEMINT-114N', 'Modelo ELEMINT-114N del tipo de elemento interno', 12, 14, NULL, 23, 14),
('ELEMINT-115O', 'Modelo ELEMINT-115O del tipo de elemento interno', 14, 15, NULL, 24, 15),
('ELEMINT-116P', 'Modelo ELEMINT-116P del tipo de elemento interno', 16, 16, NULL, 25, 16),
('ELEMINT-117Q', 'Modelo ELEMINT-117Q del tipo de elemento interno', 3, 17, NULL, 26, 17),
('ELEMINT-118R', 'Modelo ELEMINT-118R del tipo de elemento interno', 5, 18, NULL, 27, 18),
('ELEMINT-119S', 'Modelo ELEMINT-119S del tipo de elemento interno', 7, 19, NULL, 22, 19),
('ELEMINT-120T', 'Modelo ELEMINT-120T del tipo de elemento interno', 9, 20, NULL, 23, 20);

INSERT INTO CARACTERISTICA (Car_valor, Car_nombre, Car_descripcion, Fk_unidad_medida, Fk_modelo_avion, Fk_tipo_pieza) VALUES 
(179, 'Capacidad de Pasajeros', 'Cantidad de pasajeros a bordo del avión.', 1, 1, NULL),
(116570, 'Peso máximo al despegue', 'Peso máximo del avión al despegar.', 5, 1, NULL),
(75.6, 'Empuje normal', 'Empuje normal del avión.', 10, 1, NULL),
(1000, 'Vno', 'Velocidad máxima operativa.', 13, 1, NULL),
(6820, 'Alcance', 'Alcance del avión.', 14, 1, NULL),
(7, 'Tripulación', 'Tripulantes del avión.', 1, 2, NULL),
(189, 'Capacidad de Pasajeros', 'Cantidad de pasajeros a bordo del avión.', 1, 2, NULL),
(153, 'Superficie Alar', 'Superficie alar del avión.', 15, 2, NULL),
(95028, 'Peso máximo al despegue', 'Peso máximo del avión al despegar.', 5, 2, NULL),
(77, 'Empuje normal', 'Empuje normal del avión.', 10, 2, NULL),
(907, 'Vc', 'Velocidad crucero.', 13, 2, NULL),
(4450, 'Alcance', 'Alcance del avión.', 14, 2, NULL),
(13000, 'Techo de servicio', NULL, 3, 2, NULL),
(14.9, 'Régimen de ascenso', NULL, 16, 2, NULL),
(6, 'Tripulación', 'Tripulantes del avión.', 1, 3, NULL),
(118, 'Capacidad de Pasajeros, 1 clase, densa', 'Cantidad de pasajeros a bordo del avión, de la clase densa.', 1, 3, NULL),
(104, 'Capacidad de Pasajeros, 1 clase, estándar', 'Cantidad de pasajeros a bordo del avión, de la clase estándar.', 1, 3, NULL),
(76, 'Distancia entre asientos, 1 clase, densa', 'Distancia entre asientos de la clase densa.', 2, 3, NULL),
(86, 'Distancia entre asientos, 1 clase, estándar', 'Distancia entre asientos de la clase estándar.', 2, 3, NULL),
(43.7, 'Ancho de los asientos', 'Peso máximo del avión al despegar.', 2, 3, NULL),
(25, 'Flecha alar', NULL, 4, 3, NULL),
(3.76, 'Ancho del fuselaje', NULL, 3, 3, NULL),
(4.01, 'Alto del fuselaje', NULL, 3, 3, NULL),
(3.54, 'Ancho de la cabina', NULL, 3, 3, NULL),
(2.20, 'Alto de la cabina', NULL, 3, 3, NULL),
(49190, 'Peso máximo de despegue', 'Peso máximo del avión al despegar.', 5, 3, NULL),
(45000, 'Peso de aterrizaje máximo', 'Peso máximo al aterrizar.', 5, 3, NULL),
(18.4, 'Volumen de carga', 'Volumen de carga del avión.', 6, 3, NULL),
(1990, 'Carrera de despegue', 'Carrera de despegue con peso máximo.', 3, 3, NULL),
(10700, 'Techo de servicio', NULL, 3, 3, NULL),
(0.74, 'Velocidad crucero', NULL, 7, 3, NULL),
(0.82, 'Velocidad máxima', NULL, 7, 3, NULL),
(1860, 'Alcance con carga máxima', NULL, 8, 3, NULL),
(17860, 'Máxima capacidad de combustible', NULL, 9, 3, NULL),
(84.5, 'Empuje máximo', NULL, 10, 3, NULL),
(17.21, 'Empuje a velocidad de crucero', NULL, 10, 3, NULL),
(17.21, 'Diámetro de los álabes', NULL, 10, 3, NULL),
(3.20, 'Longitud del motor', NULL, 3, 3, NULL),
(6, 'Tripulación', 'Tripulantes del avión.', 1, 4, NULL),
(168, 'Capacidad de Pasajeros, 1 clase, densa', 'Cantidad de pasajeros a bordo del avión, de la clase densa.', 1, 4, NULL),
(159, 'Capacidad de Pasajeros, 1 clase, estándar', 'Cantidad de pasajeros a bordo del avión, de la clase estándar.', 1, 4, NULL),
(76, 'Distancia entre asientos, 1 clase, densa', 'Distancia entre asientos de la clase densa.', 2, 4, NULL),
(81, 'Distancia entre asientos, 1 clase, estándar', 'Distancia entre asientos de la clase estándar.', 2, 4, NULL),
(43.7, 'Ancho de los asientos', 'Peso máximo del avión al despegar.', 2, 4, NULL),
(25, 'Flecha alar', NULL, 4, 4, NULL),
(3.76, 'Ancho del fuselaje', NULL, 3, 4, NULL),
(4.01, 'Alto del fuselaje', NULL, 3, 4, NULL),
(3.54, 'Ancho de la cabina', NULL, 3, 4, NULL),
(2.20, 'Alto de la cabina', NULL, 3, 4, NULL),
(68050, 'Peso máximo de despegue', 'Peso máximo del avión al despegar.', 5, 4, NULL),
(56250, 'Peso de aterrizaje máximo', 'Peso máximo al aterrizar.', 5, 4, NULL),
(38.9, 'Volumen de carga', 'Volumen de carga del avión.', 6, 4, NULL),
(2540, 'Carrera de despegue', 'Carrera de despegue con peso máximo.', 3, 4, NULL),
(11300, 'Techo de servicio', NULL, 3, 4, NULL),
(0.74, 'Velocidad crucero', NULL, 7, 4, NULL),
(0.82, 'Velocidad máxima', NULL, 7, 4, NULL),
(2165, 'Alcance con carga máxima', NULL, 8, 4, NULL),
(23170, 'Máxima capacidad de combustible', NULL, 9, 4, NULL),
(98, 'Empuje máximo', NULL, 10, 4, NULL),
(21.92, 'Empuje a velocidad de crucero', NULL, 10, 4, NULL),
(1.52, 'Diámetro de los álabes', NULL, 10, 4, NULL),
(2.36, 'Longitud del motor', NULL, 3, 4, NULL),
(6, 'Tripulación', 'Tripulantes del avión.', 1, 5, NULL),
(132, 'Capacidad de Pasajeros, 1 clase, densa', 'Cantidad de pasajeros a bordo del avión, de la clase densa.', 1, 5, NULL),
(123, 'Capacidad de Pasajeros, 1 clase, estándar', 'Cantidad de pasajeros a bordo del avión, de la clase estándar.', 1, 5, NULL),
(76, 'Distancia entre asientos, 1 clase, densa', 'Distancia entre asientos de la clase densa.', 2, 5, NULL),
(81, 'Distancia entre asientos, 1 clase, estándar', 'Distancia entre asientos de la clase estándar.', 2, 5, NULL),
(43.7, 'Ancho de los asientos', 'Peso máximo del avión al despegar.', 2, 5, NULL),
(25, 'Flecha alar', NULL, 4, 5, NULL),
(3.76, 'Ancho del fuselaje', NULL, 3, 5, NULL),
(4.01, 'Alto del fuselaje', NULL, 3, 5, NULL),
(3.54, 'Ancho de la cabina', NULL, 3, 5, NULL),
(2.20, 'Alto de la cabina', NULL, 3, 5, NULL),
(60550, 'Peso máximo de despegue', 'Peso máximo del avión al despegar.', 5, 5, NULL),
(50000, 'Peso de aterrizaje máximo', 'Peso máximo al aterrizar.', 5, 5, NULL),
(23.3, 'Volumen de carga', 'Volumen de carga del avión.', 6, 5, NULL),
(2470, 'Carrera de despegue', 'Carrera de despegue con peso máximo.', 3, 5, NULL),
(11300, 'Techo de servicio', NULL, 3, 5, NULL),
(0.74, 'Velocidad crucero', NULL, 7, 5, NULL),
(0.82, 'Velocidad máxima', NULL, 7, 5, NULL),
(2400, 'Alcance con carga máxima', NULL, 8, 5, NULL),
(23800, 'Máxima capacidad de combustible', NULL, 9, 5, NULL),
(89, 'Empuje máximo', NULL, 10, 5, NULL),
(21.80, 'Empuje a velocidad de crucero', NULL, 10, 5, NULL),
(1.52, 'Diámetro de los álabes', NULL, 10, 5, NULL),
(2.36, 'Longitud del motor', NULL, 3, 5, NULL),
(6, 'Tripulación', 'Tripulantes del avión.', 1, 6, NULL),
(132, 'Capacidad de Pasajeros, 1 clase, densa', 'Cantidad de pasajeros a bordo del avión, de la clase densa.', 1, 6, NULL),
(123, 'Capacidad de Pasajeros, 1 clase, estándar', 'Cantidad de pasajeros a bordo del avión, de la clase estándar.', 1, 6, NULL),
(76, 'Distancia entre asientos, 1 clase, densa', 'Distancia entre asientos de la clase densa.', 2, 6, NULL),
(81, 'Distancia entre asientos, 1 clase, estándar', 'Distancia entre asientos de la clase estándar.', 2, 6, NULL),
(43.7, 'Ancho de los asientos', 'Peso máximo del avión al despegar.', 2, 6, NULL),
(25.02, 'Flecha alar', NULL, 4, 6, NULL),
(3.76, 'Ancho del fuselaje', NULL, 3, 6, NULL),
(4.01, 'Alto del fuselaje', NULL, 3, 6, NULL),
(3.54, 'Ancho de la cabina', NULL, 3, 6, NULL),
(2.20, 'Alto de la cabina', NULL, 3, 6, NULL),
(66000, 'Peso máximo de despegue', 'Peso máximo del avión al despegar.', 5, 6, NULL),
(55000, 'Peso de aterrizaje máximo', 'Peso máximo al aterrizar.', 5, 6, NULL),
(21.4, 'Volumen de carga', 'Volumen de carga del avión.', 6, 6, NULL),
(2400, 'Carrera de despegue', 'Carrera de despegue con peso máximo.', 3, 6, NULL),
(12500, 'Techo de servicio', NULL, 3, 6, NULL),
(0.785, 'Velocidad crucero', NULL, 7, 6, NULL),
(0.82, 'Velocidad máxima', NULL, 7, 6, NULL),
(3050, 'Alcance con carga máxima', NULL, 8, 6, NULL),
(26020, 'Máxima capacidad de combustible', NULL, 9, 6, NULL),
(91.6, 'Empuje máximo', NULL, 10, 6, NULL),
(23.18, 'Empuje a velocidad de crucero', NULL, 10, 6, NULL),
(1.55, 'Diámetro de los álabes', NULL, 10, 6, NULL),
(2.51, 'Longitud del motor', NULL, 3, 6, NULL),
(6, 'Tripulación', 'Tripulantes del avión.', 1, 7, NULL),
(149, 'Capacidad de Pasajeros, 1 clase, densa', 'Cantidad de pasajeros a bordo del avión, de la clase densa.', 1, 7, NULL),
(140, 'Capacidad de Pasajeros, 1 clase, estándar', 'Cantidad de pasajeros a bordo del avión, de la clase estándar.', 1, 7, NULL),
(76, 'Distancia entre asientos, 1 clase, densa', 'Distancia entre asientos de la clase densa.', 2, 7, NULL),
(81, 'Distancia entre asientos, 1 clase, estándar', 'Distancia entre asientos de la clase estándar.', 2, 7, NULL),
(43.7, 'Ancho de los asientos', 'Peso máximo del avión al despegar.', 2, 7, NULL),
(25.02, 'Flecha alar', NULL, 4, 7, NULL),
(3.76, 'Ancho del fuselaje', NULL, 3, 7, NULL),
(4.01, 'Alto del fuselaje', NULL, 3, 7, NULL),
(3.54, 'Ancho de la cabina', NULL, 3, 7, NULL),
(2.20, 'Alto de la cabina', NULL, 3, 7, NULL),
(70000, 'Peso máximo de despegue', 'Peso máximo del avión al despegar.', 5, 7, NULL),
(58600, 'Peso de aterrizaje máximo', 'Peso máximo al aterrizar.', 5, 7, NULL),
(27.3, 'Volumen de carga', 'Volumen de carga del avión.', 6, 7, NULL),
(2480, 'Carrera de despegue', 'Carrera de despegue con peso máximo.', 3, 7, NULL),
(12500, 'Techo de servicio', NULL, 3, 7, NULL),
(0.785, 'Velocidad crucero', NULL, 7, 7, NULL),
(0.82, 'Velocidad máxima', NULL, 7, 7, NULL),
(3365, 'Alcance con carga máxima', NULL, 8, 7, NULL),
(26020, 'Máxima capacidad de combustible', NULL, 9, 7, NULL),
(116, 'Empuje máximo', NULL, 10, 7, NULL),
(24.38, 'Empuje a velocidad de crucero', NULL, 10, 7, NULL),
(1.55, 'Diámetro de los álabes', NULL, 10, 7, NULL),
(2.51, 'Longitud del motor', NULL, 3, 7, NULL),
(6, 'Tripulación', 'Tripulantes del avión.', 1, 8, NULL),
(189, 'Capacidad de Pasajeros, 1 clase, densa', 'Cantidad de pasajeros a bordo del avión, de la clase densa.', 1, 8, NULL),
(175, 'Capacidad de Pasajeros, 1 clase, estándar', 'Cantidad de pasajeros a bordo del avión, de la clase estándar.', 1, 8, NULL),
(162, 'Capacidad de Pasajeros, 2 clase', 'Cantidad de pasajeros a bordo del avión, de la 2da clase.', 1, 8, NULL),
(76, 'Distancia entre asientos, 1 clase, densa', 'Distancia entre asientos de la clase densa.', 2, 8, NULL),
(81, 'Distancia entre asientos, 1 clase, estándar', 'Distancia entre asientos de la clase estándar.', 2, 8, NULL),
(43.7, 'Ancho de los asientos', 'Peso máximo del avión al despegar.', 2, 8, NULL),
(25.02, 'Flecha alar', NULL, 4, 8, NULL),
(3.76, 'Ancho del fuselaje', NULL, 3, 8, NULL),
(4.01, 'Alto del fuselaje', NULL, 3, 8, NULL),
(3.54, 'Ancho de la cabina', NULL, 3, 8, NULL),
(2.20, 'Alto de la cabina', NULL, 3, 8, NULL),
(79000, 'Peso máximo de despegue', 'Peso máximo del avión al despegar.', 5, 8, NULL),
(66350, 'Peso de aterrizaje máximo', 'Peso máximo al aterrizar.', 5, 8, NULL),
(45.1, 'Volumen de carga', 'Volumen de carga del avión.', 6, 8, NULL),
(2450, 'Carrera de despegue', 'Carrera de despegue con peso máximo.', 3, 8, NULL),
(12500, 'Techo de servicio', NULL, 3, 8, NULL),
(0.785, 'Velocidad crucero', NULL, 7, 8, NULL),
(0.82, 'Velocidad máxima', NULL, 7, 8, NULL),
(3060, 'Alcance con carga máxima', NULL, 8, 8, NULL),
(26020, 'Máxima capacidad de combustible', NULL, 9, 8, NULL),
(121.4, 'Empuje máximo', NULL, 10, 8, NULL),
(24.38, 'Empuje a velocidad de crucero', NULL, 10, 8, NULL),
(1.55, 'Diámetro de los álabes', NULL, 10, 8, NULL),
(2.51, 'Longitud del motor', NULL, 3, 8, NULL),
(6, 'Tripulación', 'Tripulantes del avión.', 1, 9, NULL),
(215, 'Capacidad de Pasajeros, 1 clase, alta densidad', 'Cantidad de pasajeros a bordo del avión, de la clase densa.', 1, 9, NULL),
(204, 'Capacidad de Pasajeros, 1 clase, densa', 'Cantidad de pasajeros a bordo del avión, de la clase estándar.', 1, 9, NULL),
(177, 'Capacidad de Pasajeros, 1 clase, estándar', 'Cantidad de pasajeros a bordo del avión, de la 2da clase.', 1, 9, NULL),
(71, 'Distancia entre asientos, 1 clase, alta densidad', 'Distancia entre asientos de la clase de alta densidad.', 2, 9, NULL),
(76, 'Distancia entre asientos, 1 clase, densa', 'Distancia entre asientos de la clase densa.', 2, 9, NULL),
(81, 'Distancia entre asientos, 1 clase, estándar', 'Distancia entre asientos de la clase estándar.', 2, 9, NULL),
(43.7, 'Ancho de los asientos', 'Peso máximo del avión al despegar.', 2, 9, NULL),
(25.02, 'Flecha alar', NULL, 4, 9, NULL),
(3.76, 'Ancho del fuselaje', NULL, 3, 9, NULL),
(4.01, 'Alto del fuselaje', NULL, 3, 9, NULL),
(3.54, 'Ancho de la cabina', NULL, 3, 9, NULL),
(2.20, 'Alto de la cabina', NULL, 3, 9, NULL),
(85100, 'Peso máximo de despegue', 'Peso máximo del avión al despegar.', 5, 9, NULL),
(66350, 'Peso de aterrizaje máximo', 'Peso máximo al aterrizar.', 5, 9, NULL),
(52.5, 'Volumen de carga', 'Volumen de carga del avión.', 6, 9, NULL),
(2450, 'Carrera de despegue', 'Carrera de despegue con peso máximo.', 3, 9, NULL),
(12500, 'Techo de servicio', NULL, 3, 9, NULL),
(0.78, 'Velocidad crucero', NULL, 7, 9, NULL),
(0.82, 'Velocidad máxima', NULL, 7, 9, NULL),
(2700, 'Alcance con carga máxima', NULL, 8, 9, NULL),
(29660, 'Máxima capacidad de combustible', NULL, 9, 9, NULL),
(121.4, 'Empuje máximo', NULL, 10, 9, NULL),
(24.38, 'Empuje a velocidad de crucero', NULL, 10, 9, NULL),
(1.55, 'Diámetro de los álabes', NULL, 10, 9, NULL),
(2.51, 'Longitud del motor', NULL, 3, 9, NULL),
(3, 'Tripulación', 'Tripulantes del avión.', 1, 10, NULL),
(452, 'Capacidad de Pasajeros, 2 clases', 'Cantidad de pasajeros a bordo del avión.', 1, 10, NULL),
(366, 'Capacidad de Pasajeros, 3 clases', 'Cantidad de pasajeros a bordo del avión.', 1, 10, NULL),
(333400, 'Peso máximo de despegue', 'Peso máximo del avión al despegar.', 5, 10, NULL),
(0.84, 'Velocidad crucero', NULL, 7, 10, NULL),
(0.89, 'Velocidad máxima', NULL, 7, 10, NULL),
(3190, 'Carrera de despegue', 'Carrera de despegue con peso máximo.', 3, 10, NULL),
(5300, 'Autonomía', 'Autonomía con peso máximo al despegue.', 8, 10, NULL),
(183380, 'Máxima capacidad de combustible', NULL, 9, 10, NULL),
(207, 'Empuje Unitario PW', NULL, 10, 10, NULL),
(223, 'Empuje Unitario RR', NULL, 10, 10, NULL),
(3, 'Tripulación', 'Tripulantes del avión.', 1, 11, NULL),
(452, 'Capacidad de Pasajeros, 2 clases', 'Cantidad de pasajeros a bordo del avión.', 1, 11, NULL),
(366, 'Capacidad de Pasajeros, 3 clases', 'Cantidad de pasajeros a bordo del avión.', 1, 11, NULL),
(378000, 'Peso máximo de despegue', 'Peso máximo del avión al despegar.', 5, 11, NULL),
(0.84, 'Velocidad crucero', NULL, 7, 11, NULL),
(0.89, 'Velocidad máxima', NULL, 7, 11, NULL),
(3190, 'Carrera de despegue', 'Carrera de despegue con peso máximo.', 3, 11, NULL),
(6850, 'Autonomía', 'Autonomía con peso máximo al despegue.', 8, 11, NULL),
(199160, 'Máxima capacidad de combustible', NULL, 9, 11, NULL),
(244, 'Empuje Unitario PW', NULL, 10, 11, NULL),
(234, 'Empuje Unitario GE', NULL, 10, 11, NULL),
(236, 'Empuje Unitario RR', NULL, 10, 11, NULL),
(3, 'Tripulación', 'Tripulantes del avión.', 1, 12, NULL),
(496, 'Capacidad de Pasajeros, 2 clases', 'Cantidad de pasajeros a bordo del avión.', 1, 12, NULL),
(412, 'Capacidad de Pasajeros, 3 clases', 'Cantidad de pasajeros a bordo del avión.', 1, 12, NULL),
(378000, 'Peso máximo de despegue', 'Peso máximo del avión al despegar.', 5, 12, NULL),
(0.84, 'Velocidad crucero', NULL, 7, 12, NULL),
(0.89, 'Velocidad máxima', NULL, 7, 12, NULL),
(3320, 'Carrera de despegue', 'Carrera de despegue con peso máximo.', 3, 12, NULL),
(6700, 'Autonomía', 'Autonomía con peso máximo al despegue.', 8, 12, NULL),
(199160, 'Máxima capacidad de combustible', NULL, 9, 12, NULL),
(244, 'Empuje Unitario PW', NULL, 10, 12, NULL),
(247, 'Empuje Unitario GE', NULL, 10, 12, NULL),
(236, 'Empuje Unitario RR', NULL, 10, 12, NULL),
(2, 'Tripulación', 'Tripulantes del avión.', 1, 13, NULL),
(524, 'Capacidad de Pasajeros, 2 clases', 'Cantidad de pasajeros a bordo del avión.', 1, 13, NULL),
(416, 'Capacidad de Pasajeros, 3 clases', 'Cantidad de pasajeros a bordo del avión.', 1, 13, NULL),
(397000, 'Peso máximo de despegue', 'Peso máximo del avión al despegar.', 5, 13, NULL),
(0.85, 'Velocidad crucero', NULL, 7, 13, NULL),
(0.92, 'Velocidad máxima', NULL, 7, 13, NULL),
(3018, 'Carrera de despegue', 'Carrera de despegue con peso máximo.', 3, 13, NULL),
(7260, 'Autonomía', 'Autonomía con peso máximo al despegue.', 8, 13, NULL),
(216840, 'Máxima capacidad de combustible', NULL, 9, 13, NULL),
(282, 'Empuje Unitario PW', NULL, 10, 13, NULL),
(276, 'Empuje Unitario GE', NULL, 10, 13, NULL),
(265, 'Empuje Unitario RR', NULL, 10, 13, NULL),
(2, 'Tripulación', 'Tripulantes del avión.', 1, 14, NULL),
(567, 'Capacidad de Pasajeros, 3 clases', 'Cantidad de pasajeros a bordo del avión.', 1, 14, NULL),
(440000, 'Peso máximo de despegue', 'Peso máximo del avión al despegar.', 5, 14, NULL),
(0.855, 'Velocidad crucero', NULL, 7, 14, NULL),
(0.92, 'Velocidad máxima', NULL, 7, 14, NULL),
(3090, 'Carrera de despegue', 'Carrera de despegue con peso máximo.', 3, 14, NULL),
(8000, 'Autonomía', 'Autonomía con peso máximo al despegue.', 8, 14, NULL),
(243120, 'Máxima capacidad de combustible', NULL, 9, 14, NULL),
(296, 'Empuje Unitario', NULL, 10, 14, NULL);

INSERT INTO ASIGNACION_EMPLEADO (Ase_fecha_inicio, Ase_fecha_fin, Fk_empleado, Fk_fase_ejecucion) VALUES
('2024-01-01', '2024-11-17', 25, 1),
('2024-01-02', '2024-12-20', 26, 2),
('2024-01-05', '2024-12-25', 27, 3),
('2023-12-01', '2024-12-31', 28, 4),
('2023-12-01', '2024-12-18', 29, 5),
('2024-01-01', '2024-12-15', 30, 6),
('2023-12-01', '2024-12-20', 31, 7),
('2023-12-01', '2024-12-15', 32, 8),
('2024-12-15', '2024-12-30', 33, 9),
('2024-01-01', '2024-12-30', 34, 10);

INSERT INTO ALMACEN (Alm_nombre, Alm_descripcion, Fk_planta) VALUES
('Almacén Central', 'Almacén principal', 1),
('Almacén Este', 'Almacén para piezas mecánicas', 2),
('Almacén Oeste', 'Almacén para equipos eléctricos', 3),
('Almacén Norte', 'Almacén para herramientas y equipos de soporte', 4),
('Almacén Sur', 'Almacén de materiales de consumo', 5),
('Almacén Secundario', 'Almacén de piezas de repuesto', 6),
('Almacén de Prototipos', 'Almacén para prototipos y diseños nuevos', 7),
('Almacén de Documentos', 'Almacén de documentos y registros', 8),
('Almacén de Seguridad', 'Almacén de equipos de seguridad y emergencia', 9),
('Almacén Temporal', 'Almacén para piezas en tránsito', 10),
('Almacén de Componentes Electrónicos', 'Almacén para componentes electrónicos y circuitos', 11),
('Almacén de Materiales Compuestos', 'Almacén para materiales compuestos y avanzados', 12),
('Almacén de Herramientas Especializadas', 'Almacén para herramientas especializadas y equipos de precisión', 13),
('Almacén de Equipos de Pruebas', 'Almacén para equipos y dispositivos de pruebas', 14),
('Almacén de Piezas de Repuesto', 'Almacén para piezas de repuesto y consumibles', 15),
('Almacén de Documentación Técnica', 'Almacén para documentación técnica y manuales', 16),
('Almacén de Seguridad y Emergencia', 'Almacén para equipos de seguridad y emergencia', 17),
('Almacén de Productos Químicos', 'Almacén para productos químicos y materiales peligrosos', 18),
('Almacén de Equipos de Protección Personal', 'Almacén para equipos de protección personal y ropa de trabajo', 19),
('Almacén de Materiales de Construcción', 'Almacén para materiales de construcción y mantenimiento', 20),
('Almacén de Equipos de Oficina', 'Almacén para equipos y suministros de oficina', 21),
('Almacén de Productos Acabados', 'Almacén para productos acabados y listos para envío', 22);

INSERT INTO EMPLEADO_ZONA (Emz_fecha_asignacion_inicial, Emz_fecha_asignacion_final, Fk_empleado, Fk_zona) VALUES
('2024-01-01', NULL, 1, 1),
('2024-01-15', NULL, 2, 2),
('2024-02-01', NULL, 3, 3),
('2024-02-15', NULL, 4, 4),
('2024-03-01', NULL, 5, 5),
('2024-03-15', NULL, 6, 6),
('2024-04-01', NULL, 7, 7),
('2024-04-15', NULL, 8, 8),
('2024-05-01', NULL, 9, 9),
('2024-05-15', NULL, 10, 10);

INSERT INTO ESTATUS (Est_nombre_estado) VALUES
('Disponible'),
('No disponible'),
('En reparación'),
('Mantenimiento programado'),
('Revisado'),
('Aprobado'),
('Rechazado'),
('En tránsito'),
('Instalado'),
('Desmantelado'),
('Cancelado'),
('Completado'),
('En Proceso');

INSERT INTO FASE_EJECUCION_ESTATUS (Fee_fecha_inicio, Fee_fecha_fin, Fk_fase_ejecucion, Fk_estatus) VALUES
('2024-01-01', '2024-11-17', 1, 13),
('2024-01-02', '2024-12-20', 2, 13),
('2024-01-05', '2024-12-25', 3, 13),
('2023-12-01', '2024-12-31', 4, 13),
('2023-12-01', '2024-12-18', 5, 13),
('2024-01-01', '2024-12-15', 6, 13),
('2023-12-01', '2024-12-20', 7, 13),
('2023-12-01', '2024-12-15', 8, 13),
('2024-12-15', '2024-12-30', 9, 13),
('2024-01-01', '2024-12-30', 10, 13),
('2024-11-17', NULL, 1, 12),
('2024-12-20', NULL, 2, 12),
('2024-12-25', NULL, 3, 12),
('2024-12-31', NULL, 4, 12),
('2024-12-18', NULL, 5, 12),
('2024-12-15', NULL, 6, 12),
('2024-12-20', NULL, 7, 12),
('2024-12-15', NULL, 8, 12),
('2024-12-30', NULL, 9, 12),
('2024-12-30', NULL, 10, 12);

INSERT INTO USUARIO (Usu_nombre, Usu_contrasena, Fk_empleado, Fk_cliente) VALUES
('jdelgado', 'accesskey123', 1, NULL),
('adi', 'password456', 2, NULL),
('clopez', 'clave789', 3, NULL),
('amartinez', 'pass001', 4, NULL),
('lrodriguez', 'mypassword', 5, NULL),
('jfernandez', 'securepass', 6, NULL),
('sgomez', 'secretpass', 7, NULL),
('rdiaz', 'hiddenkey', 8, NULL),
('pgonzalez', 'mypassword123', 9, NULL),
('lramirez', 'openpass', 10, NULL),
('jrivera', 'key001', 11, NULL),
('anavarro', 'secure456', 12, NULL),
('fgutierrez', 'hidden123', 13, NULL),
('amendez', 'strongpass', 14, NULL),
('jtorres', 'unique001', 15, NULL),
('tcalderon', 'keygen999', 16, NULL),
('rsolis', 'mypassword456', 17, NULL),
('ecastro', 'access789', 18, NULL),
('bmendoza', 'lockedpass', 19, NULL),
('dvasquez', 'hidden007', 20, NULL),
('aguerra', 'securekey', 21, NULL),
('hruiz', 'opendoor', 22, NULL),
('qgarcia', 'passlock', 23, NULL),
('cbravo', 'mypassword567', 24, NULL),
('jmorales', 'passwordlock', 25, NULL),
('fgomez', 'secure567', 26, NULL),
('vgonzalez', 'passgen', 27, NULL),
('adelacruz', 'mypassword007', 28, NULL),
('gleon', 'secure888', 29, NULL),
('bmejia', 'access456', 30, NULL),
('erojas', 'mypassword789', 31, NULL),
('jvillanueva', 'passkey123', 32, NULL),
('vfernandez', 'hidden888', 33, NULL),
('lcortes', 'mypassword111', 34, NULL),
('mmartinez', 'lockeddoor', 35, NULL),
('zramirez', 'securepass123', 36, NULL),
('apineda', 'mypassword777', 37, NULL),
('cvargas', 'unique123', 38, NULL),
('aperez', 'secure222', 39, NULL),
('jherrera', 'mypassword555', 40, NULL),
('userclient1', 'password1', NULL, 1),
('userclient2', 'password2', NULL, 2),
('userclient3', 'password3', NULL, 3),
('userclient4', 'password4', NULL, 4),
('userclient5', 'password5', NULL, 5),
('userclient6', 'password6', NULL, 6),
('userclient7', 'password7', NULL, 7),
('userclient8', 'password8', NULL, 8),
('userclient9', 'password9', NULL, 9),
('userclient10', 'password10', NULL, 10),
('userclient11', 'password11', NULL, 11),
('userclient12', 'password12', NULL, 12),
('userclient13', 'password13', NULL, 13),
('userclient14', 'password14', NULL, 14),
('userclient15', 'password15', NULL, 15),
('userclient16', 'password16', NULL, 16),
('userclient17', 'password17', NULL, 17),
('userclient18', 'password18', NULL, 18),
('userclient19', 'password19', NULL, 19),
('userclient20', 'password20', NULL, 20),
('userclient21', 'password21', NULL, 21),
('userclient22', 'password22', NULL, 22),
('userclient23', 'password23', NULL, 23),
('userclient24', 'password24', NULL, 24),
('userclient25', 'password25', NULL, 25),
('userclient26', 'password26', NULL, 26),
('userclient27', 'password27', NULL, 27),
('userclient28', 'password28', NULL, 28),
('userclient29', 'password29', NULL, 29),
('userclient30', 'password30', NULL, 30),
('userclient31', 'password31', NULL, 31),
('userclient32', 'password32', NULL, 32),
('userclient33', 'password33', NULL, 33),
('userclient34', 'password34', NULL, 34),
('userclient35', 'password35', NULL, 35),
('userclient36', 'password36', NULL, 36),
('userclient37', 'password37', NULL, 37),
('userclient38', 'password38', NULL, 38),
('userclient39', 'password39', NULL, 39),
('userclient40', 'password40', NULL, 40),
('userclient41', 'password41', NULL, 41),
('userclient42', 'password42', NULL, 42),
('userclient43', 'password43', NULL, 43),
('userclient44', 'password44', NULL, 44),
('userclient45', 'password45', NULL, 45),
('userclient46', 'password46', NULL, 46),
('userclient47', 'password47', NULL, 47),
('userclient48', 'password48', NULL, 48),
('userclient49', 'password49', NULL, 49),
('userclient50', 'password50', NULL, 50),
('userclient92', 'password92', NULL, 51),
('userclient93', 'password93', NULL, 52),
('userclient94', 'password94', NULL, 53),
('userclient95', 'password95', NULL, 54),
('userclient96', 'password96', NULL, 55),
('userclient51', 'password51', NULL, 56),
('userclient52', 'password52', NULL, 57),
('userclient53', 'password53', NULL, 58),
('userclient54', 'password54', NULL, 59),
('userclient55', 'password55', NULL, 60),
('userclient56', 'password56', NULL, 61),
('userclient57', 'password57', NULL, 62),
('userclient58', 'password58', NULL, 63),
('userclient59', 'password59', NULL, 64),
('userclient60', 'password60', NULL, 65),
('userclient61', 'password61', NULL, 66),
('userclient62', 'password62', NULL, 67),
('userclient63', 'password63', NULL, 68),
('userclient64', 'password64', NULL, 69),
('userclient65', 'password65', NULL, 70),
('userclient66', 'password66', NULL, 71),
('userclient67', 'password67', NULL, 72),
('userclient68', 'password68', NULL, 73),
('userclient69', 'password69', NULL, 74),
('userclient70', 'password70', NULL, 75),
('userclient71', 'password71', NULL, 76),
('userclient72', 'password72', NULL, 77),
('userclient73', 'password73', NULL, 78),
('userclient74', 'password74', NULL, 79),
('userclient75', 'password75', NULL, 80),
('userclient76', 'password76', NULL, 81),
('userclient77', 'password77', NULL, 82),
('userclient78', 'password78', NULL, 83),
('userclient79', 'password79', NULL, 84),
('userclient80', 'password80', NULL, 85),
('userclient81', 'password81', NULL, 86),
('userclient82', 'password82', NULL, 87),
('userclient83', 'password83', NULL, 88),
('userclient84', 'password84', NULL, 89),
('userclient85', 'password85', NULL, 90),
('userclient86', 'password86', NULL, 91),
('userclient87', 'password87', NULL, 92),
('userclient88', 'password88', NULL, 93),
('userclient89', 'password89', NULL, 94),
('userclient90', 'password90', NULL, 95),
('userclient91', 'password91', NULL, 96);

INSERT INTO EMPLEADO_ZONA (Emz_fecha_asignacion_inicial, Emz_fecha_asignacion_final, Fk_empleado, Fk_zona) VALUES
('2024-12-01', null, 1, 1),
('2024-12-15', null, 2, 2),
('2024-12-01', null, 3, 3),
('2024-12-15', null, 4, 4),
('2024-12-01', null, 5, 5),
('2024-12-15', null, 6, 6),
('2024-12-01', null, 7, 7),
('2024-12-15', null, 8, 8),
('2024-12-01', null, 9, 9),
('2024-12-15', null, 10, 10),
('2024-12-01', null, 11, 11),
('2024-12-15', null, 12, 12),
('2024-12-01', null, 13, 13),
('2024-12-15', null, 14, 14),
('2024-12-01', null, 15, 15),
('2024-12-15', null, 16, 16),
('2024-12-01', null, 17, 17),
('2024-12-15', null, 18, 18),
('2024-12-01', null, 19, 19),
('2024-12-15', null, 20, 20),
('2024-12-01', null, 21, 21),
('2024-12-15', null, 22, 22),
('2024-12-01', null, 23, 1),
('2024-12-15', null, 24, 2),
('2024-12-01', null, 25, 3),
('2024-12-15', null, 26, 4),
('2024-12-01', null, 27, 5),
('2024-12-15', null, 28, 6),
('2024-12-01', null, 29, 7),
('2024-12-15', null, 30, 8),
('2024-12-01', null, 31, 9),
('2024-12-15', null, 32, 10),
('2024-12-01', null, 33, 11),
('2024-12-15', null, 34, 12),
('2024-12-01', null, 35, 13),
('2024-12-15', null, 36, 14),
('2024-12-01', null, 37, 15),
('2024-12-15', null, 38, 16),
('2024-12-01', null, 39, 17),
('2024-12-15', null, 40, 18);

INSERT INTO BANCO (Ban_nombre) VALUES
('Banco de Venezuela'),
('Banco Mercantil'),
('Banco Provincial'),
('Banesco'),
('Banco del Tesoro'),
('Banco Bicentenario'),
('Banco Exterior'),
('Banco Nacional de Crédito'),
('Banco Caroní'),
('Banco Plaza');

INSERT INTO HORARIO (Hor_dia, Hor_hora_inicio, Hor_hora_fin) VALUES
('LUNES', '08:00', '17:00'),
('MARTES', '08:00', '17:00'),
('MIERCOLES', '08:00', '17:00'),
('JUEVES', '08:00', '17:00'),
('VIERNES', '08:00', '17:00'),
('SABADO', '09:00', '13:00'),
('DOMINGO', '09:00', '13:00'),
('LUNES', '09:00', '18:00'),
('MARTES', '09:00', '18:00'),
('MIERCOLES', '09:00', '18:00');

INSERT INTO EMPLEADO_HORARIO (Fk_empleado, Fk_horario) VALUES
(1, 1),
(2, 2),
(3, 3),
(4, 4),
(5, 5),
(6, 6),
(7, 7),
(8, 8),
(9, 9),
(10, 10),
(11, 1),
(12, 2),
(13, 3),
(14, 4),
(15, 5),
(16, 6),
(17, 7),
(18, 8),
(19, 9),
(20, 10),
(21, 1),
(22, 2),
(23, 3),
(24, 4),
(25, 5),
(26, 6),
(27, 7),
(28, 8),
(29, 9),
(30, 10),
(31, 1),
(32, 2),
(33, 3),
(34, 4),
(35, 5),
(36, 6),
(37, 7),
(38, 8),
(39, 9),
(40, 10),
(1, 2),
(2, 3),
(3, 4),
(4, 5),
(5, 6),
(6, 7),
(7, 8),
(8, 9),
(9, 10),
(10, 1),
(11, 2),
(12, 3),
(13, 4),
(14, 5),
(15, 6),
(16, 7),
(17, 8),
(18, 9),
(19, 10),
(20, 2),
(21, 2),
(22, 3),
(23, 4),
(24, 5),
(25, 6),
(26, 7),
(27, 8),
(28, 9),
(29, 10),
(30, 3),
(31, 2),
(32, 3),
(33, 4),
(34, 5),
(35, 6),
(36, 7),
(37, 8),
(38, 9),
(39, 10),
(40, 4);

INSERT INTO TIPO_MATERIA_PRIMA (Tmp_nombre,Tmp_descripcion) VALUES
('Kevlar','Fibra aramídica sintética alta resistencia térmica y baja densidad'),
('Aluminio','Metal de bajo peso con buena conductividad térmica y eléctrica'),
('Hierro','Metal extremadamente duro, denso y maleable'),
('Titanio','Metal de transición, con baja densidad y alta resistencia'),
('Fibra de carbono','Filamento de carbono resistente y flexible'),
('Fibra de vidrio','Material flexible,resistente al calor,ligero y aislante eléctrico'),
('Magnesio','Metal maleable y fuertemente inflamable'),
('Niquel','Metal ferromagnético altamente conductor de electricidad'),
('Silicio','Elemento químico de tipo metaloide, semiconductor y poco soluble'),
('Cobre','Metal de transición dúctil y maleable');

INSERT INTO MATERIA_PRIMA (Mat_nombre, Fk_tipo_materia_prima) VALUES
('Kevlar 159',1),
('Aluminio 7075',2),
('Hierro ductil',3),
('Titanio Ti-6Al-4V',4),
('Resina epoxica',5),
('Panel de fibra de vidrio',6),
('Magnesio AZ31B',7),
('Inconel 718',8),
('Silicio monocristalino',9),
('Laton',10);

INSERT INTO BENEFICIARIO (Fk_persona_natural, Fk_empleado) VALUES
(137,1),
(138,2),
(139,3),
(140,4),
(141,5),
(142,6),
(143,7),
(144,8),
(145,9),
(146,10);

INSERT INTO PROVEEDOR_TIPO_MATERIA (Ptm_precio, Fk_persona_juridica, Fk_tipo_materia_prima) VALUES
(150.00, 1, 1),
(200.00, 2, 2),
(100.00, 3, 3),
(250.00, 4, 4),
(300.00, 5, 5),
(350.00, 6, 6),
(400.00, 7, 7),
(450.00, 8, 8),
(500.00, 9, 9),
(550.00, 10, 10);

INSERT INTO MATERIA_ZONA (Fk_zona, Fk_materia_prima) VALUES
(1,1),
(5,2),
(5,3),
(5,4),
(1,5),
(1,6),
(1,7),
(8,8),
(8,9),
(8,10);

INSERT INTO MATERIA_PRIMA_ESTATUS (Fk_materia_prima, Fk_estatus) VALUES
(1, 1),
(2, 2),
(3, 2),
(4, 2),
(5, 1),
(6, 1),
(7, 1),
(8, 2),
(9, 2),
(10, 2);

INSERT INTO TASA_CAMBIO (Tac_nombre, Tac_valor, Tac_fecha, Tac_fecha_final) VALUES
('$', 30.20, '2024-01-01', '2024-02-28'),
('€', 35.50, '2024-03-01', '2024-03-31'),
('$', 40.00, '2024-04-01', '2024-04-30'),
('$', 45.30, '2024-05-01', '2024-05-31'),
('$', 46.40, '2024-06-01', '2024-06-30'),
('$', 52.20, '2024-07-01', '2024-07-31'),
('$', 55.50, '2024-08-01', '2024-08-31'),
('$', 57.60, '2024-09-01', '2024-09-30'),
('$', 58.40, '2024-10-01', '2024-11-30'),
('$', 59.00, '2024-12-01', '2024-12-31'),
('$', 60.00, '2025-01-01', NULL),
('€', 65.80, '2025-01-01', NULL);

INSERT INTO ROL (Rol_nombre, Rol_descripcion) VALUES
('Administrador', 'Acceso completo a todas las funcionalidades del sistema'),
('Cliente', 'Acceso a la compra de aviones y seguimiento de pedidos'),
('CEO', 'Acceso a todas las funcionalidades del sistema'),
('Empleado', 'Acceso a la gestión de tareas y horarios'),
('Gerente', 'Acceso a la supervisión de empleados y operaciones'),
('Contador', 'Acceso a la gestión de pagos y finanzas'),
('Soporte Técnico', 'Acceso a la resolución de problemas técnicos'),
('Vendedor', 'Acceso a la gestión de ventas y clientes'),
('Auditor', 'Acceso a la revisión y auditoría de procesos'),
('Desarrollador', 'Acceso a la gestión y desarrollo del sistema');

INSERT INTO USUARIO_ROL (Fk_usuario, Fk_rol) VALUES
(1, 1),
(2, 2),
(3, 3),
(4, 4),
(5, 5),
(6, 6),
(7, 7),
(8, 8),
(9, 9),
(10, 10);

INSERT INTO PRIVILEGIO (Pri_nombre, Pri_descripcion) VALUES
('Consultar catálogo de aviones', 'Permite consultar el catálogo de aviones disponibles'),
('Ver compras', 'Permite ver las compras realizadas'),
('Comprar', 'Permite realizar una compra'),
('Editar cuenta', 'Permite realizar un crud sobre su perfil de usuario'),
('Ver Usuarios', 'Permite ver la lista de usuarios'),
('Editar Usuarios', 'Permite editar la información de los usuarios'),
('Ver Ventas', 'Permite ver la lista de ventas realizadas'),
('Ver Inventario', 'Permite ver el inventario de productos'),
('Editar Inventario', 'Permite editar la información del inventario'),
('Realizar Pagos', 'Permite realizar pagos a proveedores y empleados'),
('Consulta Pagos', 'Permite ver los pagos realizados'),
('Gestionar procesos', 'Permite gestionar los procesos de pruebas'),
('Gestionar fases', 'Permite gestionar las fases de configuracion y ejecucion'),
('Ver Finanzas', 'Permite ver la información financiera'),
('Consultar horario', 'Permite al empleado revisar su horario'),
('Consultar asignaciones', 'Permite al empleado ver a que sector fue asignado'),
('Gestionar sedes', 'Permite al administrador gestionar las sedes y sus plantas, zonas y areas'),
('Gestion de roles y privilegios', 'Permite gestionar los roles y privilegios que hay en el sistema'),
('Asignar roles y privilegio', 'Permite asignar los roles y privilegios a los usuarios del sistema'),
('Registrar modelos y piezas', 'Permite registrar modelos de aviones y piezas'),
('Registrar aviones', 'Permite registrar a los aviones ensamblados'),
('Registrar y asignar maquinaria', 'Permite registrar nueva maquinaria al sistema, y asignarla');

INSERT INTO ROL_PRIVILEGIO (Fk_rol, Fk_privilegio) VALUES
(2, 1),
(2, 2),
(2, 3),
(2, 4),
(1, 5),
(1, 6),
(1, 7),
(1, 8),
(1, 9),
(1, 10),
(1, 11),
(1, 12),
(1, 13),
(6, 14),
(4, 15),
(4, 16),
(4, 4),
(5, 17),
(5, 18),
(5, 19),
(5, 20),
(5, 21),
(5, 22),
(1, 20),
(1, 21),
(5, 22);

INSERT INTO PRUEBA (Pru_nombre, Pru_descripcion, Pru_duracion_estimada, Fk_tipo_pieza) VALUES 
('Inspección de Fuselaje', 'Evaluación estructural del fuselaje para detectar grietas o deformaciones.', 180, 1),
('Prueba de Fatiga del Ala', 'Simulación de condiciones de vuelo para evaluar la resistencia del ala.', 240, 2),
('Chequeo de Motores', 'Revisión exhaustiva del rendimiento de los motores bajo diferentes cargas.', 300, 3),
('Verificación del Tren de Aterrizaje', 'Prueba de funcionamiento y resistencia del tren de aterrizaje.', 150, 1),
('Inspección de Sistemas Hidráulicos', 'Evaluación de la integridad y el rendimiento de los sistemas hidráulicos.', 200, 2),
('Análisis de Vibraciones', 'Medición y análisis de vibraciones en componentes críticos.', 120, 3),
('Prueba de Sellado de Cabina', 'Verificación de la estanqueidad de la cabina bajo presión.', 180, 1),
('Chequeo de Sistemas Electrónicos', 'Inspección y prueba de los sistemas electrónicos de la aeronave.', 160, 2),
('Evaluación de Materiales Compuestos', 'Análisis de la durabilidad y resistencia de materiales compuestos.', 220, 3),
('Prueba de Desempeño Aerodinámico', 'Evaluación del rendimiento aerodinámico en condiciones simuladas de vuelo.', 240, 1);

INSERT INTO TIPO_PIEZA_MODELO (Fk_tipo_pieza, Fk_modelo_avion) VALUES
(1, 1),
(2, 2),
(3, 3),
(4, 4),
(5, 5),
(6, 6),
(7, 7),
(8, 8),
(9, 9),
(10, 10),
(11, 11),
(12, 12),
(13, 13),
(14, 14),
(15, 1),
(16, 2),
(15, 3),
(16, 4),
(15, 5),
(16, 6),
(15, 7),
(16, 8),
(15, 9),
(16, 10),
(15, 11),
(16, 12),
(15, 13),
(16, 14),
(17, 1),
(17, 2),
(17, 3),
(17, 4),
(17, 5),
(17, 6),
(17, 7),
(17, 8),
(17, 9),
(17, 10),
(17, 11),
(17, 12),
(17, 13),
(17, 14),
(18, 1),
(18, 2),
(18, 3),
(18, 4),
(18, 5),
(18, 6),
(18, 7),
(18, 8),
(18, 9),
(18, 10),
(18, 11),
(18, 12),
(18, 13),
(18, 14),
(19, 1),
(19, 2),
(19, 3),
(19, 4),
(19, 5),
(19, 6),
(19, 7),
(19, 8),
(19, 9),
(19, 10),
(19, 11),
(19, 12),
(19, 13),
(19, 14),
(20, 1),
(20, 2),
(20, 3),
(20, 4),
(20, 5),
(20, 6),
(20, 7),
(20, 8),
(20, 9),
(20, 10),
(20, 11),
(20, 12),
(20, 13),
(20, 14),
(21, 1),
(21, 2),
(21, 3),
(21, 4),
(21, 5),
(21, 6),
(21, 7),
(21, 8),
(21, 9),
(21, 10),
(21, 11),
(21, 12),
(21, 13),
(21, 14), 
(22, 1),
(22, 2),
(22, 3),
(22, 4),
(22, 5),
(22, 6),
(22, 7),
(22, 8),
(22, 9),
(22, 10),
(22, 11),
(22, 12),
(22, 13),
(22, 14), 
(23, 1),
(23, 2),
(23, 3),
(23, 4),
(23, 5),
(23, 6),
(23, 7),
(23, 8),
(23, 9),
(23, 10),
(23, 11),
(23, 12),
(23, 13),
(23, 14),
(24, 1),
(25, 2),
(26, 3),
(27, 4),
(28, 5),
(29, 6),
(24, 7),
(25, 8),
(26, 9),
(27, 10),
(28, 11),
(29, 12),
(24, 13),
(25, 14),
(30, 1),
(31, 2),
(30, 3),
(31, 4),
(30, 5),
(31, 6),
(30, 7),
(31, 8),
(30, 9),
(31, 10),
(30, 11),
(31, 12),
(30, 13),
(31, 14),
(32, 1),
(32, 2),
(32, 3),
(32, 4),
(32, 5),
(32, 6),
(32, 7),
(32, 8),
(32, 9),
(32, 10),
(32, 11),
(32, 12),
(32, 13),
(32, 14),
(33, 1),
(33, 2),
(33, 3),
(33, 4),
(33, 5),
(33, 6),
(33, 7),
(33, 8),
(33, 9),
(33, 10),
(33, 11),
(33, 12),
(33, 13),
(33, 14),
(34, 1),
(34, 2),
(34, 3),
(34, 4),
(34, 5),
(34, 6),
(34, 7),
(34, 8),
(34, 9),
(34, 10),
(34, 11),
(34, 12),
(34, 13),
(34, 14),
(35, 1),
(35, 2),
(35, 3),
(35, 4),
(35, 5),
(35, 6),
(35, 7),
(35, 8),
(35, 9),
(35, 10),
(35, 11),
(35, 12),
(35, 13),
(35, 14),
(36, 1),
(36, 2),
(36, 3),
(36, 4),
(36, 5),
(36, 6),
(36, 7),
(36, 8),
(36, 9),
(36, 10),
(36, 11),
(36, 12),
(36, 13),
(36, 14),
(37, 1),
(37, 2),
(37, 3),
(37, 4),
(37, 5),
(37, 6),
(37, 7),
(37, 8),
(37, 9),
(37, 10),
(37, 11),
(37, 12),
(37, 13),
(37, 14),
(38, 1),
(38, 2),
(38, 3),
(38, 4),
(38, 5),
(38, 6),
(38, 7),
(38, 8),
(38, 9),
(38, 10),
(38, 11),
(38, 12),
(38, 13),
(38, 14),
(39, 1),
(39, 2),
(39, 3),
(39, 4),
(39, 5),
(39, 6),
(39, 7),
(39, 8),
(39, 9),
(39, 10),
(39, 11),
(39, 12),
(39, 13),
(39, 14),
(40, 1),
(40, 2),
(40, 3),
(40, 4),
(40, 5),
(40, 6),
(40, 7),
(40, 8),
(40, 9),
(40, 10),
(40, 11),
(40, 12),
(40, 13),
(40, 14),
(41, 1),
(41, 2),
(41, 3),
(41, 4),
(41, 5),
(41, 6),
(41, 7),
(41, 8),
(41, 9),
(41, 10),
(41, 11),
(41, 12),
(41, 13),
(41, 14),
(42, 1),
(42, 2),
(42, 3),
(42, 4),
(42, 5),
(42, 6),
(42, 7),
(42, 8),
(42, 9),
(42, 10),
(42, 11),
(42, 12),
(42, 13),
(42, 14),
(43, 1),
(43, 2),
(43, 3),
(43, 4),
(43, 5),
(43, 6),
(43, 7),
(43, 8),
(43, 9),
(43, 10),
(43, 11),
(43, 12),
(43, 13),
(43, 14),
(44, 1),
(44, 2),
(44, 3),
(44, 4),
(44, 5),
(44, 6),
(44, 7),
(44, 8),
(44, 9),
(44, 10),
(44, 11),
(44, 12),
(44, 13),
(44, 14),
(45, 1),
(45, 2),
(45, 3),
(45, 4),
(45, 5),
(45, 6),
(45, 7),
(45, 8),
(45, 9),
(45, 10),
(45, 11),
(45, 12),
(45, 13),
(45, 14),
(46, 1),
(46, 2),
(46, 3),
(46, 4),
(46, 5),
(46, 6),
(46, 7),
(46, 8),
(46, 9),
(46, 10),
(46, 11),
(46, 12),
(46, 13),
(46, 14),
(47, 1),
(47, 2),
(47, 3),
(47, 4),
(47, 5),
(47, 6),
(47, 7),
(47, 8),
(47, 9),
(47, 10),
(47, 11),
(47, 12),
(47, 13),
(47, 14),
(48, 1),
(48, 2),
(48, 3),
(48, 4),
(48, 5),
(48, 6),
(48, 7),
(48, 8),
(48, 9),
(48, 10),
(48, 11),
(48, 12),
(48, 13),
(48, 14),
(49, 1),
(49, 2),
(49, 3),
(49, 4),
(49, 5),
(49, 6),
(49, 7),
(49, 8),
(49, 9),
(49, 10),
(49, 11),
(49, 12),
(49, 13),
(49, 14),
(50, 1),
(50, 2),
(50, 3),
(50, 4),
(50, 5),
(50, 6),
(50, 7),
(50, 8),
(50, 9),
(50, 10),
(50, 11),
(50, 12),
(50, 13),
(50, 14),
(51, 1),
(51, 2),
(51, 3),
(51, 4),
(51, 5),
(51, 6),
(51, 7),
(51, 8),
(51, 9),
(51, 10),
(51, 11),
(51, 12),
(51, 13),
(51, 14),
(52, 1),
(52, 2),
(52, 3),
(52, 4),
(52, 5),
(52, 6),
(52, 7),
(52, 8),
(52, 9),
(52, 10),
(52, 11),
(52, 12),
(52, 13),
(52, 14),
(53, 1),
(53, 2),
(53, 3),
(53, 4),
(53, 5),
(53, 6),
(53, 7),
(53, 8),
(53, 9),
(53, 10),
(53, 11),
(53, 12),
(53, 13),
(53, 14),
(54, 1),
(54, 2),
(54, 3),
(54, 4),
(54, 5),
(54, 6),
(54, 7),
(54, 8),
(54, 9),
(54, 10),
(54, 11),
(54, 12),
(54, 13),
(54, 14),
(55, 1),
(55, 2),
(55, 3),
(55, 4),
(55, 5),
(55, 6),
(55, 7),
(55, 8),
(55, 9),
(55, 10),
(55, 11),
(55, 12),
(55, 13),
(55, 14),
(56, 1),
(56, 2),
(56, 3),
(56, 4),
(56, 5),
(56, 6),
(56, 7),
(56, 8),
(56, 9),
(56, 10),
(56, 11),
(56, 12),
(56, 13),
(56, 14);

INSERT INTO COMPRA (Com_fecha_hora,Com_monto_total,Com_numero_compra,Fk_persona_juridica,Fk_sede)VALUES
('2024-05-31 20:00:01', 28563, 439, 22, 5),
('2024-10-24 15:30:00', 28065, 39, 28, 4), 
('2024-08-23 01:32:03', 73656, 295, 43, 2), 
('2024-01-15 05:58:45', 127080, 384, 18, 1), 
('2024-04-11 12:05:54', 56548.5, 40, 21, 1),
('2024-08-31 09:25:14', 15654, 344, 44, 2),
('2024-08-02 08:12:00', 25893, 288, 8, 5),
('2024-08-06 16:01:01', 54288.004, 182, 20, 4),
('2024-06-29 14:04:32', 28728, 326, 11, 2),
('2024-11-03 23:15:16', 21034.5, 131, 12, 2),
('2024-12-04 22:07:23', 63276, 83, 45, 5),
('2024-03-11 19:30:02', 78984, 449, 25, 1),
('2024-05-01 03:07:17', 102447, 408, 46, 1),
('2024-11-20 06:30:30', 84891, 416, 26, 3),
('2024-05-24 13:27:59', 19986, 84, 28, 5),
('2024-04-19 18:00:00', 61788.004, 441, 40, 4),
('2024-03-17 04:11:05', 17236.5, 30, 32, 2),
('2024-02-06 15:07:47', 22021.5, 327, 9, 4),
('2024-08-24 20:25:09', 15273, 173, 22, 1),
('2024-02-02 22:14:28', 43744.5, 243, 32, 1),
('2024-12-12 21:39:26', 16261.501, 86, 45, 4),
('2024-01-24 10:45:03', 24498.002, 187, 19, 3),
('2024-07-13 14:13:50', 21690, 217, 18, 5),
('2024-04-02 13:30:25', 29506.502, 232, 15, 5),
('2024-09-22 11:34:58', 76342.5, 127, 8, 3),
('2024-11-11 07:10:27', 432598.5, 283, 1, 2),
('2024-01-11 08:32:51', 29928, 360, 12, 5),
('2024-03-07 17:30:00', 68911.5, 315, 21, 4),
('2024-08-10 23:00:51', 88503, 349, 10, 3),
('2024-03-14 05:45:16', 77584.5, 134, 43, 5),
('2024-09-05 09:37:27', 30876, 218, 33, 5),
('2024-12-06 21:56:00', 16650, 142, 12, 2),
('2024-10-22 04:17:19', 24439.489, 240, 22, 4),
('2024-02-20 20:00:00', 35388, 311, 44, 5),
('2024-12-09 21:37:59', 36912, 334, 1, 4),
('2024-11-20 15:04:00', 16050, 46, 2, 4),
('2024-10-14 12:00:57', 28551, 382, 10, 2),
('2024-08-02 03:04:00', 70042.5, 112, 48, 1),
('2024-12-26 21:06:20', 23455.5, 396, 16, 3),
('2024-04-26 14:32:00', 15138, 179, 35, 2),
('2024-05-31 06:10:04', 29386.5, 113, 39, 4),
('2024-10-27 06:00:07', 29203.5, 113, 39, 3),
('2024-05-06 08:54:02', 29105.998, 318, 18, 1),
('2024-09-11 09:17:16', 58687.5, 236, 18, 3),
('2024-05-03 23:11:11', 57141, 173, 26, 4),
('2024-11-12 21:28:31', 24061.5, 298, 42, 1),
('2024-06-06 17:14:37', 25426.5, 336, 44, 4),
('2024-04-22 04:20:00', 38032.5, 51, 48, 2),
('2024-10-11 10:04:06', 17274, 44, 32, 2),
('2024-12-16 04:47:24', 17905.5, 49, 39, 5);

INSERT INTO DETALLE_COMPRA (Dec_cantidad,Dec_precio_unit,Fk_compra,Fk_materia_prima) VALUES
(150, 190.42, 1, 7),
(150, 187.1, 2, 10),
(150, 491.04, 3, 6),
(150, 847.2, 4, 3),
(150, 376.99, 5, 8),
(150, 104.36, 6, 6),
(150, 172.62, 7, 9),
(150, 361.92, 8, 5),
(150, 191.52, 9, 9),
(150, 140.23, 10, 9),
(150, 421.84, 11, 2),
(150, 526.56, 12, 9),
(150, 682.98, 13, 8),
(150, 565.94, 14, 4),
(150, 133.24, 15, 4),
(150, 411.92, 16, 6),
(150, 114.91, 17, 8),
(150, 146.81, 18, 9),
(150, 101.82, 19, 8),
(150, 291.63, 20, 10),
(150, 108.41, 21, 7),
(150, 163.32, 22, 3),
(150, 144.6, 23, 4),
(150, 196.71, 24, 10),
(150, 508.95, 25, 7),
(150, 2883.99, 26, 2),
(150, 199.52, 27, 6),
(150, 459.41, 28, 8),
(150, 590.02, 29, 1),
(150, 517.23, 30, 4),
(150, 205.84, 31, 1),
(150, 111.0, 32, 5),
(150, 162.93, 33, 4),
(150, 235.92, 34, 9),
(150, 246.08, 35, 4),
(150, 107.0, 36, 1),
(150, 190.34, 37, 4),
(150, 466.95, 38, 2),
(150, 156.37, 39, 10),
(150, 100.92, 40, 4),
(150, 195.91, 41, 3),
(150, 194.69, 42, 9),
(150, 194.04, 43, 5),
(150, 391.25, 44, 9),
(150, 380.94, 45, 7),
(150, 160.41, 46, 1),
(150, 169.51, 47, 7),
(150, 253.55, 48, 7),
(150, 115.16, 49, 7),
(150, 119.37, 50, 9);

INSERT INTO METODO_PAGO (Cre_numero,Cre_fecha_venc,Cre_cvv,Deb_numero,Deb_tipo_cuenta,Deb_cvv,Tra_numero,Efe_denominacion,Che_numero,Met_tipo,Fk_banco_tc,Fk_banco_td,Fk_banco_tsf,Fk_banco_ch) VALUES
(601232862,'2025-07-01',189,NULL,NULL,NULL,NULL,NULL,NULL,'T-CREDITO',1,NULL,NULL,NULL),
(601267955,'2029-02-17',731,NULL,NULL,NULL,NULL,NULL,NULL,'T-CREDITO',2,NULL,NULL,NULL),
(NULL,NULL,NULL,415271256,'CORRIENTE',576,NULL,NULL,NULL,'T-DEBITO',NULL,3,NULL,NULL),
(NULL,NULL,NULL,455640577,'AHORRO',140,NULL,NULL,NULL,'T-DEBITO',NULL,4,NULL,NULL),
(NULL,NULL,NULL,NULL,NULL,NULL,584726193,NULL,NULL,'TRANSFERENCIA',NULL,NULL,5,NULL),
(NULL,NULL,NULL,NULL,NULL,NULL,293874615,NULL,NULL,'TRANSFERENCIA',NULL,NULL,6,NULL),
(NULL,NULL,NULL,NULL,NULL,NULL,NULL,'100 DOLARES',NULL,'EFECTIVO',NULL,NULL,NULL,NULL),
(NULL,NULL,NULL,NULL,NULL,NULL,NULL,'50 DOLARES',NULL,'EFECTIVO',NULL,NULL,NULL,NULL),
(NULL,NULL,NULL,NULL,NULL,NULL,NULL,NULL,684293751,'CHEQUE',NULL,NULL,NULL,7),
(NULL,NULL,NULL,NULL,NULL,NULL,NULL,NULL,937462815,'CHEQUE',NULL,NULL,NULL,8);

INSERT INTO PAGO (Pag_monto,Pag_fecha,Fk_tasa_cambio,Fk_metodo_pago,Fk_venta,Fk_compra) VALUES
(28563,'2024-06-15',5,1,NULL,1),
(28065,'2024-11-01',9,2,NULL,2),
(73656,'2024-08-31',7,2,NULL,3),
(127080,'2024-01-20',1,2,NULL,4),
(56548.5,'2024-04-21',3,1,NULL,5),
(15654,'2024-09-04',8,3,NULL,6),
(25893,'2024-08-14',7,4,NULL,7),
(54288.004,'2024-08-20',7,4,NULL,8),
(28728,'2024-07-09',6,3,NULL,9),
(21034.5,'2024-11-07',9,4,NULL,10),
(63276,'2024-12-05',10,1,NULL,11),
(78984,'2024-03-19',2,2,NULL,12),
(102447,'2024-05-23',4,2,NULL,13),
(84891,'2024-11-30',9,3,NULL,14),
(19986,'2024-05-24',4,3,NULL,15),
(61788.004,'2024-05-01',4,7,NULL,16),
(17236.5,'2024-03-28',2,7,NULL,17),
(22021.5,'2024-02-25',1,7,NULL,18),
(15273,'2024-08-28',7,8,NULL,19),
(43744.5,'2024-02-21',1,1,NULL,20),
(16261.501,'2025-01-02',11,8,NULL,21),
(24498.002,'2024-01-29',1,2,NULL,22),
(21690,'2024-08-13',7,8,NULL,23),
(29506.502,'2024-04-15',3,2,NULL,24),
(76342.5,'2024-09-30',8,3,NULL,25),
(432598.5,'2024-10-04',9,4,NULL,26),
(29928,'2024-11-18',9,1,NULL,27),
(68911.5,'2024-01-13',1,8,NULL,28),
(88503,'2024-03-19',2,7,NULL,29),
(77584.5,'2024-08-24',7,7,NULL,30),
(30876,'2024-03-17',2,5,NULL,31),
(16650,'2024-09-27',8,6,NULL,32),
(24439.489,'2024-12-23',10,9,NULL,33),
(35388,'2024-10-24',9,10,NULL,34),
(36912,'2024-02-26',1,8,NULL,35),
(16050,'2024-12-12',10,8,NULL,36),
(28551,'2024-12-09',10,2,NULL,37),
(70042.5,'2024-10-21',9,2,NULL,38),
(23455.5,'2024-08-29',7,1,NULL,39),
(15138,'2024-12-28',10,1,NULL,40),
(29386.5,'2024-05-01',4,1,NULL,41),
(29203.5,'2024-06-11',5,8,NULL,42),
(29105.998,'2024-11-14',9,3,NULL,43),
(58687.5,'2024-05-22',4,3,NULL,44),
(57141,'2024-05-13',4,4,NULL,45),
(24061.5,'2024-11-12',9,4,NULL,46),
(25426.5,'2024-06-06',5,4,NULL,47),
(38032.5,'2024-04-28',3,1,NULL,48),
(17274,'2024-10-11',9,1,NULL,49),
(17905.5,'2024-12-16',10,1,NULL,50);